ID,诗名,花名,朝代,赏析_preview,top10_tokens,top5_preview
2,咏梅花,梅花,南朝梁,这首《咏梅花》，从梅花的飘零写到人生的飘零，情调是凄婉的。起首“可怜”二字，即为,"[[""回"", 0.004945232532918453], [""随"", 0.00439652381464839], [""\"""", 0.0038968354929238558], [""还"", 0.0038652701769024134], [""度"", 0.003704885020852089], [""乍"", 0.0030626975931227207], [""我"", 0.0028908175881952047], [""纤"", 0.0023678396828472614], [""指"", 0.0023611895740032196], [""之"", 0.0022501470521092415]]","回、随、""、还、度"
154,沁园春,虞美人,宋,宋代诗人、词人都爱咏梅，而刘克庄与梅花可谓最有缘分。其初为建阳令时，曾作<落梅》,"[[""\"""", 0.005013400223106146], [""橘"", 0.00272713927552104], [""却"", 0.0025903386995196342], [""得"", 0.0025091967545449734], [""山"", 0.0024040641728788614], [""敛"", 0.002379694953560829], [""当"", 0.0022869345266371965], [""幸"", 0.002203281270340085], [""谤"", 0.002187929581850767], [""忤"", 0.0021739648655056953]]","""、橘、却、得、山"
150,疏 影,虞美人,宋,宋人喜梅。自林逋“疏影横斜水清浅，暗香浮动月黄昏”的传神妙笔之后，虽代有佳作，且,"[[""拟"", 0.004153883084654808], [""梅"", 0.0028884815983474255], [""笔"", 0.0024065449833869934], [""唱"", 0.002336728386580944], [""疏"", 0.0022931115236133337], [""\"""", 0.0021544701885432005], [""般"", 0.0021391885820776224], [""重"", 0.0020862759556621313], [""起"", 0.0020603700540959835], [""词"", 0.00204189564101398]]",拟、梅、笔、唱、疏
149,疏 影,虞美人,宋,《暗香》、〈疏影>两词为姊妹篇，作于同时同地，亦同负盛名。〈暗香>旨在忆旧怀人，,"[[""种"", 0.005935473367571831], [""想"", 0.004765942692756653], [""\"""", 0.0034317418467253447], [""似"", 0.003334656124934554], [""缀"", 0.003186187706887722], [""莫"", 0.0031256303191184998], [""修"", 0.0027232945431023836], [""层"", 0.0026236604899168015], [""矢"", 0.002613701159134507], [""宿"", 0.002588774310424924]]","种、想、""、似、缀"
146,一尊红,虞美人,元,这首词借咏盆梅，寄托山林之志。 上片写盆梅白天开放，寒夜飘落。前半由昼景写到夜景,"[[""须"", 0.003451448865234852], [""试"", 0.0033848495222628117], [""字"", 0.003178642364218831], [""后"", 0.0030572544783353806], [""融"", 0.0028428693767637014], [""玉"", 0.0028201467357575893], [""藓"", 0.0027689984999597073], [""脉"", 0.002472588559612632], [""贯"", 0.002453602384775877], [""堂"", 0.0024479080457240343]]",须、试、字、后、融
140,汉宫春,虞美人,宋,·这是一首咏梅言志之作。上片首三句，极力渲染江梅的潇洒之美，而这种美又是通过“竹,"[[""拍"", 0.002372926101088524], [""司"", 0.0022737609688192606], [""那"", 0.0022614120971411467], [""片"", 0.002240461762994528], [""堂"", 0.002163821132853627], [""歇"", 0.0021548671647906303], [""两"", 0.002083853352814913], [""承"", 0.002034286968410015], [""这"", 0.002023494802415371], [""上"", 0.0019348496571183205]]",拍、司、那、片、堂
137,江梅引,虞美人,金,"这首咏梅词侧重于“赋青梅""。青梅就是梅实，俗称梅子。可见这时已是暮春时节，梅花已","[[""修"", 0.004406368359923363], [""比"", 0.003918138798326254], [""合"", 0.0034508835524320602], [""用"", 0.003073739353567362], [""绾"", 0.003042259020730853], [""指"", 0.0028067617677152157], [""华"", 0.0026959110982716084], [""荐"", 0.002653410891070962], [""献"", 0.0026275848504155874], [""试"", 0.002579709514975548]]",修、比、合、用、绾
136,孤雁儿,虞美人,宋,清照词以白描见长，能以淡雅之笔写出幽怨之情、深曲之意。这首词正可为其范例。 全词,"[[""续"", 0.003205935936421156], [""便"", 0.002726369071751833], [""\"""", 0.002660654252395034], [""闲"", 0.0024785210844129324], [""起"", 0.002376080024987459], [""梅"", 0.0022779321298003197], [""恰"", 0.002257143147289753], [""-"", 0.0021671324502676725], [""慢"", 0.0021670470014214516], [""无"", 0.0021608511451631784]]","续、便、""、闲、起"
135,渔家傲,虞美人,宋,这首词写月下赏梅，景物清幽，意趣超然。作为主体形象的梅花，幽姿楚楚，清香暗度，已,"[[""\"""", 0.004530593752861023], [""妆"", 0.0034645507112145424], [""处"", 0.0033670745324343443], [""淡"", 0.0030669886618852615], [""想"", 0.0026927441358566284], [""月"", 0.002366934437304735], [""成"", 0.0023390327114611864], [""美"", 0.0023143934085965157], [""常"", 0.002231532707810402], [""通"", 0.002220162423327565]]","""、妆、处、淡、想"
127,朝中措,梅花,宋,这首词并不着力刻画梅之形貌，但确实是一首咏梅词。全篇遣词造句，意趣神色之间，梅之,"[[""争"", 0.003943109884858131], [""场"", 0.0031305416487157345], [""人"", 0.002819871762767434], [""\"""", 0.002637564204633236], [""美"", 0.0024742847308516502], [""底"", 0.002339184982702136], [""同"", 0.0022828588262200356], [""写"", 0.002210981911048293], [""把"", 0.0021501383744180202], [""免"", 0.0019926384557038546]]","争、场、人、""、美"
155,贺新郎,虞美人,宋,“履斋先生”，即南宋后期重臣吴潜，与吴文英很有交谊。“沧浪”，指沧浪亭，在苏州。,"[[""访"", 0.004308904521167278], [""-"", 0.003270623739808798], [""\"""", 0.0029368186369538307], [""乔"", 0.0024681147187948227], [""繚"", 0.0023937884252518415], [""越"", 0.0021616416051983833], [""华"", 0.002110815607011318], [""时"", 0.0020994464866816998], [""均"", 0.002064493717625737], [""巍"", 0.0020545271690934896]]","访、-、""、乔、繚"
355,东风第一枝,棠梨花,清,仲春时节，菜花开放，淡黄色的花儿迎风摇动，卷起层层波浪，是诱人的。菜花散布在农民,"[[""上"", 0.0039613437838852406], [""遗"", 0.0030623148195445538], [""漫"", 0.0028325747698545456], [""仍"", 0.0027295940089970827], [""俏"", 0.0026698331348598003], [""钿"", 0.0023735505528748035], [""铺"", 0.0023526449222117662], [""不"", 0.002351069822907448], [""阴"", 0.002342848340049386], [""罗"", 0.0022474725265055895]]",上、遗、漫、仍、俏
157,代迎春花招刘郎中,迎春花,唐,.公元828年(大和二年)春，白居易和刘禹锡先后自洛阳返长安，右迁赴任(刘除主客,"[[""除"", 0.004835647530853748], ["">"", 0.002767169615253806], [""写"", 0.002592426724731922], [""日"", 0.0022454410791397095], [""冲"", 0.0022242770064622164], [""折"", 0.002185724675655365], [""植"", 0.0021588995587080717], [""带"", 0.0021293535828590393], [""周"", 0.0020802572835236788], [""皆"", 0.0020676872227340937]]",除、>、写、日、冲
5,和秦太虚梅花,梅花,宋,"东坡七古气势轩昂，若风檣阵马，一片神行，最能体现其“万斛泉源，不择地而出""，“滔","[[""用"", 0.005554294679313898], [""\"""", 0.0034725056029856205], [""骨"", 0.002641372848302126], [""建"", 0.0025605103000998497], [""坚"", 0.0025456747971475124], [""和"", 0.002480374416336417], [""观"", 0.0023301776964217424], [""患"", 0.002229131991043687], [""恼"", 0.0021173919085413218], [""狂"", 0.0020561637356877327]]","用、""、骨、建、坚"
6,十一月二十六日，松风亭下梅花盛开，,梅花,宋,宋哲宗绍圣元年(1094)，因御史虞策、来之邵等上言苏轼所作诰词多涉讥训，贬苏轼,"[[""律"", 0.003031898522749543], [""随"", 0.002315128454938531], [""女"", 0.0022965383250266314], [""正"", 0.002278884407132864], [""度"", 0.0021774107590317726], [""裂"", 0.002156794536858797], [""联"", 0.002058293204754591], [""岐"", 0.0020538754761219025], [""因"", 0.00201361789368093], [""佑"", 0.0019705132581293583]]",律、随、女、正、度
7,再用前韵,梅花,宋,"这首诗与作者<松风亭下梅花盛开>一首(见前)可称姊妹篇。二诗用韵属“十三元""，本","[[""\"""", 0.002695756033062935], [""来"", 0.002600564621388912], [""韵"", 0.002598798368126154], [""借"", 0.0025767877232283354], [""参"", 0.0023725060746073723], [""步"", 0.002151665510609746], [""赠"", 0.0021210946142673492], [""疏"", 0.0021130084060132504], [""答"", 0.002010235097259283], [""重"", 0.002007340546697378]]","""、来、韵、借、参"
12,十一月中旬扶风界见梅花,梅花,唐,这首诗，据张采田《玉溪生年谱会笺》：“余按，此调尉时乞假赴泾西迎家室之作。”按商,"[[""匝"", 0.003773672506213188], [""香"", 0.0034111470449715853], [""艳"", 0.002862093271687627], [""方"", 0.002861292101442814], [""饶"", 0.0026804781518876553], [""与"", 0.0026293625123798847], [""挫"", 0.002628434682264924], [""冀"", 0.0026077015791088343], [""非"", 0.0025644099805504084], [""调"", 0.0024683328811079264]]",匝、香、艳、方、饶
202,赏海棠三绝,樱桃花,宋,第一首交代了赏花的缘由，以及为赏花做的准备工作。 诗人不无感慨地说：百花盛开的春,"[[""修"", 0.002925956854596734], [""占"", 0.0025150247383862734], [""含"", 0.0025072807911783457], [""断"", 0.0025002718903124332], [""观"", 0.002259273547679186], [""独"", 0.001967413816601038], [""字"", 0.001962249167263508], [""聊"", 0.0019326215842738748], [""代"", 0.0017947028391063213], [""借"", 0.001779562677256763]]",修、占、含、断、观
179,折海棠戏赠圣俞,樱桃花,宋,这是欧阳修与当时著名诗人梅尧臣唱和的一首诗。梅尧臣字圣俞，宣城人。宣城古名宛陵，,"[[""众"", 0.004467291291803122], [""\"""", 0.0032467935234308243], [""砾"", 0.0026542474515736103], [""宛"", 0.0022577440831810236], [""片"", 0.0021442973520606756], [""乱"", 0.0021173981949687004], [""摇"", 0.0020833720918744802], [""字"", 0.0019919837359339], [""梅"", 0.0019892759155482054], [""短"", 0.0019824285991489887]]","众、""、砾、宛、片"
181,寓居定惠院之东，杂花溝山，有海棠一株，土人不知贵也,樱桃花,宋,宋神宗元丰二年(1079)，王安石虽已罢相，但他所推行的新法仍在施行，朝中御史中,"[[""相"", 0.0028796494007110596], [""古"", 0.002522161230444908], [""藉"", 0.0025170869193971157], [""法"", 0.002339656464755535], [""\"""", 0.0023358757607638836], [""居"", 0.0020076800137758255], [""我"", 0.0019634033087641], [""将"", 0.0019093193113803864], [""句"", 0.001839495380409062], [""大"", 0.001811712165363133]]","相、古、藉、法、"""
182,张园海棠,樱桃花,宋,欲写海棠却先以极为名贵的洛阳牡丹和扬州芍药作为陪衬。这首诗的构思别开生面，颇为巧,"[[""聚"", 0.0027101587038487196], [""肉"", 0.002373836934566498], [""\"""", 0.0022803673055022955], [""种"", 0.0021055443212389946], [""仁"", 0.0020357612520456314], [""簇"", 0.0019650075118988752], [""欲"", 0.0019041819032281637], [""造"", 0.0018696325132623315], [""间"", 0.0017981261480599642], [""药"", 0.0017632738454267383]]","聚、肉、""、种、仁"
183,海棠歌,樱桃花,宋,这首诗写于陆游离开四川“东归”以后。全诗贯穿着对西蜀海棠的回忆，也贯穿着对八年四,"[[""\"""", 0.00331411836668849], [""发"", 0.0025526804383844137], [""-"", 0.002407629042863846], [""鬓"", 0.0021783942356705666], [""血"", 0.002123411977663636], [""东"", 0.0020660609006881714], [""前"", 0.002026163972914219], [""那"", 0.00201211404055357], [""等"", 0.001978499349206686], [""坊"", 0.0018812466878443956]]","""、发、-、鬓、血"
185,海 棠,樱桃花,宋,"前人曾称誉王维诗中有画。郭稹的这首七律也似…-幅画。试看：朱栏下,横塘边，几株海","[[""繁"", 0.0024036250542849302], [""律"", 0.0021723960526287556], [""红"", 0.0020420027431100607], [""破"", 0.0020411843433976173], [""幅"", 0.0020002550445497036], [""君"", 0.001983560621738434], [""墙"", 0.001972752856090665], [""东"", 0.0019365554908290505], [""依"", 0.0019363646861165762], [""即"", 0.0019063532818108797]]",繁、律、红、破、幅
187,海棠,樱桃花,宋,刘子晕（hui)是南宋文学家，字彦冲，号病翁，福建崇安人。曾任兴化军通判，后退居,"[[""容"", 0.0027097619604319334], [""掉"", 0.0026642181910574436], [""翠"", 0.00245916610583663], [""场"", 0.002290227683261037], [""借"", 0.0022464829962700605], [""题"", 0.0022240590769797564], [""轻"", 0.0021134475246071815], [""洗"", 0.002061780309304595], [""拂"", 0.0020233727991580963], [""想"", 0.0019557324703782797]]",容、掉、翠、场、借
211,黄海棠,樱桃花,金,蔡松年，金文学家。字伯坚，号萧闲老人。真定(今河北正定)人。以宋人而随父降金，官,"[[""种"", 0.0043958453461527824], [""排"", 0.0022192751057446003], [""相"", 0.0021972693502902985], [""激"", 0.0021768021397292614], [""长"", 0.002164300298318267], [""开"", 0.002064772881567478], [""层"", 0.0020561539568006992], [""比"", 0.0020329412072896957], [""最"", 0.002032938413321972], [""奇"", 0.0020018781069666147]]",种、排、相、激、长
218,如梦令,樱桃花,宋,这首《如梦令>是李清照在她早年的一个暮春时节，抒发她对风雨中的海棠花的关切之情的,"[[""浓"", 0.002658780664205551], [""看"", 0.0024830433540046215], [""消"", 0.002282501896843314], [""词"", 0.0021337331272661686], [""美"", 0.002011341042816639], [""应"", 0.0019941695500165224], [""如"", 0.001968150492757559], [""起"", 0.0019430264364928007], [""道"", 0.001903011230751872], [""疏"", 0.0018779111560434103]]",浓、看、消、词、美
224,宴清都,樱桃花,宋,在吴文英二十几首咏花词中，咏梅词屡见，咏连理海棠则仅此一首，而这一首却是吴文英咏,"[[""交"", 0.004958734847605228], [""合"", 0.004209000617265701], [""盒"", 0.0037326873280107975], [""兼"", 0.00332474522292614], [""瑶"", 0.0033171556424349546], [""倚"", 0.002977326512336731], [""云"", 0.0029473365284502506], [""直"", 0.002743605524301529], [""足"", 0.0027276293840259314], [""钿"", 0.002712730783969164]]",交、合、盒、兼、瑶
221,南乡子,樱桃花,宋,这首词写的是冬日海棠。诗人通过静境与动境的对照，画出了一幅五彩缤纷的图画。 上片,"[[""半"", 0.0039450544863939285], [""岁"", 0.0031247418373823166], [""耐"", 0.003026306163519621], [""秦"", 0.002884350251406431], [""首"", 0.002753214677795768], [""小"", 0.0024343435652554035], [""点"", 0.0023861865047365427], [""转"", 0.0022311420179903507], [""冷"", 0.0021895947866141796], [""酥"", 0.0021740118972957134]]",半、岁、耐、秦、首
223,二月二十四夜饮海棠下作,樱桃花,宋,清人李调元在(雨村诗话>中称：“刘后村克庄有<满江红>十二首，悲壮激烈，有敲碎唾,"[[""\"""", 0.003235489595681429], [""颇"", 0.0031361221335828304], [""爱"", 0.0026331227272748947], [""成"", 0.0022606789134442806], [""均"", 0.002130090957507491], [""许"", 0.00200324272736907], [""尚"", 0.001954622333869338], [""眼"", 0.0018876688554883003], [""饮"", 0.0018715052865445614], [""己"", 0.0018445210298523307]]","""、颇、爱、成、均"
225,摸鱼儿,樱桃花,宋,老天爷象是有意和爱花的词人作对，人春以来气候反常，连续低温阴雨，海棠花迟迟不开。,"[[""-"", 0.0038889003917574883], [""句"", 0.0027028541080653667], [""词"", 0.0019314853707328439], [""遽"", 0.0018994570709764957], [""牵"", 0.0018174059223383665], [""易"", 0.001746772206388414], [""老"", 0.0017153273802250624], [""标"", 0.0016691223718225956], [""佛"", 0.0016531920991837978], [""断"", 0.0016495678573846817]]",-、句、词、遽、牵
226,风雨看舟前落花戏为新句,桃花,唐,杜甫有着高超的艺术技巧，他的许多诗歌作品都以体物得神，描摹精微而赢得读者的喜爱。,"[[""\"""", 0.007546327542513609], [""妒"", 0.003052343614399433], [""遭"", 0.002736184746026993], [""影"", 0.0025729781482368708], [""潜"", 0.0024354830384254456], [""解"", 0.00231007463298738], [""履"", 0.0021642176434397697], [""诗"", 0.0020407461561262608], [""炼"", 0.0019586209673434496], [""便"", 0.0019375595729798079]]","""、妒、遭、影、潜"
227,绯桃花歌,桃花,唐,欧阳修的这首七言占诗，将一树绯桃花与自己之间的感情表现得相当真切动人。 开头六句,"[[""书"", 0.003462337190285325], [""把"", 0.002638367237523198], [""虽"", 0.0023727603256702423], [""等"", 0.0023626508191227913], [""满"", 0.00234645651653409], [""朵"", 0.0022887620143592358], [""个"", 0.0019787270575761795], [""爱"", 0.0019431214313954115], [""占"", 0.0019378432771191], [""说"", 0.001927012111991644]]",书、把、虽、等、满
219,如梦令,樱桃花,宋,吴潜是南宋大臣，理宗朝官至左丞相。主张加强战守之备以抗御元兵，对南宋朝廷的苟且偷,"[[""好"", 0.0028945724479854107], [""惊"", 0.002848039846867323], [""循"", 0.002381718484684825], [""宣"", 0.0020001493394374847], [""腔"", 0.0018503639148548245], [""免"", 0.0018037079134956002], [""吴"", 0.0017802419606596231], [""善"", 0.0017554434016346931], [""晓"", 0.0017442110693082213], [""呵"", 0.0016812036046758294]]",好、惊、循、宣、腔
495,柳花词三首,杨花,唐,柳花，又称杨花，色白而质轻，状如白絮，故俗称柳絮。在百花开过的晚春，柳花慢慢地从,"[[""散"", 0.002809002296999097], [""远"", 0.00267675775103271], [""条"", 0.0022861447650939226], [""却"", 0.002258250955492258], [""写"", 0.002205080818384886], [""红"", 0.0020534037612378597], [""能"", 0.00198073941282928], [""丝"", 0.0019773226231336594], [""复"", 0.0019445372745394707], [""破"", 0.0018835513619706035]]",散、远、条、却、写
406,水龙吟,牡丹,宋,这是·首咏牡丹的词。起二句，是问花。词中主人公因“晓寒”而“慵揭珠帘”，但心中却,"[[""花"", 0.0042360941879451275], [""问"", 0.0031811604276299477], [""和"", 0.003067771904170513], [""春"", 0.002608709502965212], [""酒"", 0.002580837579444051], [""\"""", 0.002558664185926318], [""艳"", 0.0025346223264932632], [""把"", 0.0025112552102655172], [""字"", 0.00240920577198267], [""院"", 0.0023752469569444656]]",花、问、和、春、酒
481,喜迁莺,虞美人,元,这首词不从描摹琼花之姿容写起，而是以琼花落尽之“恨”开笔，极反衬作用，极有深婉刻,"[[""谪"", 0.004362060688436031], [""信"", 0.003222169354557991], [""怜"", 0.003039875067770481], [""恨"", 0.0028273093048483133], [""写"", 0.0026670992374420166], [""演"", 0.0024251460563391447], [""关"", 0.0023451116867363453], [""番"", 0.0023314333520829678], [""久"", 0.0023097475059330463], [""但"", 0.0022956151515245438]]",谪、信、怜、恨、写
388,惜牡丹花,牡丹,唐,唐人特别喜爱牡丹花，据《国史补>记载，每年暮春时节，牡丹盛开，长安城里车马若狂，,"[[""补"", 0.0018061170121654868], [""花"", 0.0017967912135645747], [""芳"", 0.001728289993479848], [""唐"", 0.001713665435090661], [""惜"", 0.0016953975427895784], [""片"", 0.001667612581513822], [""残"", 0.0016482087085023522], [""剩"", 0.0016401557950302958], [""谢"", 0.0016377398278564215], [""段"", 0.0016019559698179364]]",补、花、芳、唐、惜
369,牡 丹,牡丹,唐,李商隐(812一858?)，字义山，号玉溪生，怀州河内(今河南沁阳县)人。开成二,"[[""被"", 0.0034465554635971785], [""越"", 0.003222102764993906], [""修"", 0.002852786798030138], [""嫌"", 0.0026882383972406387], [""犹"", 0.0025772007647901773], [""原"", 0.00255797803401947], [""耻"", 0.0025171220768243074], [""内"", 0.0023697454016655684], [""好"", 0.00236316560767591], [""成"", 0.002346966415643692]]",被、越、修、嫌、犹
363,远公亭牡丹,牡丹,唐,首二句交代地点，并点出歌咏对象。东晋僧人慧远，雁门楼烦人，居庐山东林寺，世人称为,"[[""独"", 0.00352491089142859], [""联"", 0.0028368602506816387], [""为"", 0.002708795014768839], [""董"", 0.0025851211976259947], [""慧"", 0.0024656078312546015], [""蚂"", 0.0024049063213169575], [""吟"", 0.002380350138992071], [""居"", 0.0023672999814152718], [""顾"", 0.0023301709443330765], [""即"", 0.002305652480572462]]",独、联、为、董、慧
470,金沙花,金沙,宋,这是一首风趣的咏物小诗。诗的前两句以轻快俏皮的口气说：院中的两株松树相依相偎，象,"[[""分"", 0.003341423347592354], [""杨"", 0.002853794489055872], [""与"", 0.002651350339874625], [""题"", 0.002644089749082923], [""本"", 0.002307950984686613], [""长"", 0.0022323736920952797], [""向"", 0.002082367893308401], [""说"", 0.0020424863323569298], [""迫"", 0.001995975384488702], [""头"", 0.0019682683050632477]]",分、杨、与、题、本
465,玲珑四犯,蔷薇,宋,好一架幽洁芬芳的茶䕷花呵，打从梅花开后，就数她最清雅脱俗了。挂着露珠的叶片，檀红,"[[""条"", 0.0027058529667556286], [""荼"", 0.002041144762188196], [""数"", 0.0020216216798871756], [""最"", 0.0020018352661281824], [""矣"", 0.0019814693368971348], [""赋"", 0.0019195768982172012], [""好"", 0.001877666567452252], [""比"", 0.0018392920028418303], [""架"", 0.0017387636471539736], [""向"", 0.0015067504718899727]]",条、荼、数、最、矣
505,如梦,杨花,清,这是曹雪芹在(红楼梦>第七十回为书中人物史湘云拟写的--首小令，因而它实际上体现,"[[""去"", 0.0033764257095754147], [""半"", 0.003230263013392687], [""笑"", 0.0031179552897810936], [""残"", 0.0030460527632385492], [""使"", 0.002782991621643305], [""啼"", 0.0025771362707018852], [""香"", 0.002344832755625248], [""鹃"", 0.0023405991960316896], [""向"", 0.002302172826603055], [""\"""", 0.002196122892200947]]",去、半、笑、残、使
472,后土庙琼花诗二首,琼花,宋,扬州琼花，千余年来，极负盛名，历代文人为她写下了许多名篇佳什。“琼花”一名，首见,"[[""阿"", 0.003012559376657009], [""观"", 0.0023666536435484886], [""璧"", 0.00228886934928596], [""题"", 0.002232316415756941], [""咏"", 0.002145543694496155], [""随"", 0.0020971514750272036], [""扬"", 0.0020574082154780626], [""芜"", 0.0019209851743653417], [""天"", 0.0019183827098459005], [""满"", 0.0019106415566056967]]",阿、观、璧、题、咏
466,贺新郎,蔷薇,宋,荼䕷，一作酴醾。另有独步香、琼绶带、雪缨络等别名。从这些名称中已可窥见此花洁白如,"[[""荼"", 0.0033577275462448597], [""日"", 0.0033240702468901873], [""妾"", 0.002403146820142865], [""也"", 0.002210677834227681], [""相"", 0.0021568862721323967], [""蟾"", 0.0019362795865163207], [""姚"", 0.0019209851743653417], [""恍"", 0.001913553336635232], [""络"", 0.0019108611159026623], [""梦"", 0.0018348689191043377]]",荼、日、妾、也、相
440,六 丑,蔷薇,宋,周邦彦(六丑>是一首咏蔷薇的杰作。蒋敦复《芬陀利室词话>：“清真《六丑>一词，精,"[[""\"""", 0.005276006180793047], [""惆"", 0.0030287853442132473], [""正"", 0.002827973570674658], [""掷"", 0.002659401623532176], [""平"", 0.0025426503270864487], [""皆"", 0.0023586146999150515], [""记"", 0.0023542384151369333], [""归"", 0.002243403811007738], [""谢"", 0.002137916162610054], [""成"", 0.0020662513561546803]]","""、惆、正、掷、平"
479,扬州慢,虞美人,宋,此词盖因友人折赠琼花数枝，兴之所至，率尔而作。最初之创作意图只是赋花，不料写作过,"[[""分"", 0.002873295685276389], [""拟"", 0.0025891303084790707], [""祠"", 0.0025163963437080383], [""禁"", 0.0025137634947896004], [""感"", 0.0024777294602245092], [""辄"", 0.002445189282298088], [""还"", 0.0024301137309521437], [""喻"", 0.002390515524893999], [""词"", 0.0023084867279976606], [""写"", 0.0023053179029375315]]",分、拟、祠、禁、感
421,兰 花,兰花,清,兰花，赤节绿叶，柔韧光洁，历来为志士幽人所激赏。作为我国民主革命的先驱，秋瑾笔下,"[[""羞"", 0.003927202429622412], [""树"", 0.0031517965253442526], [""兮"", 0.002737127710133791], [""遂"", 0.0023198623675853014], [""齐"", 0.0022568409331142902], [""上"", 0.002196742920204997], [""栽"", 0.0020621148869395256], [""指"", 0.0019196169450879097], [""等"", 0.0018920707516372204], [""种"", 0.0018762925174087286]]",羞、树、兮、遂、齐
512,声声慢,杨花,宋,周密的这首词以绮丽多姿之笔和爱怜赞赏之情，描绘暮春三月的柳花在韶风时吹、晴雨骤变,"[[""章"", 0.0032309815287590027], [""青"", 0.0026159826666116714], [""记"", 0.0023416108451783657], [""游"", 0.002242142101749778], [""曾"", 0.0022251131013035774], [""新"", 0.002173099434003234], [""多"", 0.0021111636888235807], [""芳"", 0.0020729361567646265], [""最"", 0.0019662403501570225], [""词"", 0.001918776542879641]]",章、青、记、游、曾
515,水龙吟,杨花,宋,"苏轼<水龙吟>词，有一个题目:""次韵章质夫杨花词""。次韵就是按原作韵脚的次序来写","[[""思"", 0.0036898739635944366], [""'"", 0.0034743184223771095], [""次"", 0.0029304316267371178], [""还"", 0.002347684232518077], [""章"", 0.0023269853554666042], [""夫"", 0.0022506967652589083], [""和"", 0.002184479497373104], [""韵"", 0.0020999652333557606], [""唱"", 0.002087879693135619], [""惹"", 0.0020271555986255407]]",思、'、次、还、章
516,水龙吟,杨花,明,章质甫，即章质夫，名，北宋人，官至枢密院事，曾作《杨花词》，苏东坡和之。两词均传,"[[""全"", 0.005006749648600817], [""-"", 0.004297684878110886], [""恁"", 0.004004987422376871], [""作"", 0.0033677448518574238], [""似"", 0.0027410651091486216], [""解"", 0.00261462340131402], [""才"", 0.0024159648455679417], [""阁"", 0.002317356411367655], [""惨"", 0.0022664088755846024], [""轻"", 0.0022432382684201]]",全、-、恁、作、似
521,木棉花歌,木棉花,清,这首诗的作者陈恭尹是广东人，他的父亲在抗清斗争中英勇殉难。明亡后，他继承父志，拒,"[[""朱"", 0.002265502233058214], [""象"", 0.0019778364803642035], [""蹄"", 0.0019162765238434076], [""酣"", 0.0017960087861865759], [""仰"", 0.001788070541806519], [""参"", 0.0017599414568394423], [""\"""", 0.001756732352077961], [""为"", 0.0016856120200827718], [""事"", 0.0016435988945886493], [""故"", 0.0015756196808069944]]",朱、象、蹄、酣、仰
343,念奴娇,素馨,宋,这首词咏素馨花，是宋词中继.王灼后咏同类花中不可多得的佳什。素馨，又称耶悉茗。佛,"[[""调"", 0.003768875263631344], [""丛"", 0.002899804385378957], [""那"", 0.0026541780680418015], [""麽"", 0.002613315125927329], [""上"", 0.002513206098228693], [""首"", 0.0025114715099334717], [""悉"", 0.0024787476286292076], [""蕊"", 0.002229496603831649], [""耶"", 0.002203083597123623], [""花"", 0.002181291813030839]]",调、丛、那、麽、上
346,木 兰,木兰,宋,木兰花，·名木莲，又名黄心。木本，树高五、六丈，枝叶扶疏，其叶厚大。因此，在诗人,"[[""其"", 0.0027296009939163923], [""本"", 0.0024993731640279293], [""杂"", 0.0023735323920845985], [""写"", 0.002186000347137451], [""闻"", 0.002150916727259755], [""心"", 0.0019264224683865905], [""俗"", 0.0018144380301237106], [""竟"", 0.0017823225352913141], [""似"", 0.0017529410542920232], [""他"", 0.0017015519551932812]]",其、本、杂、写、闻
345,剪春罗,剪春罗,清,剪春罗，柔茎绿叶，花深红而艳丽，若轻罗剪成，这名目便颇富诗意。聪颖灵秀的女诗人于,"[[""剪"", 0.004255734849721193], [""唤"", 0.003045738209038973], [""诗"", 0.0022667772136628628], [""似"", 0.0021026425529271364], [""织"", 0.0021002632565796375], [""指"", 0.0020912804175168276], [""罗"", 0.0019764378666877747], [""春"", 0.001960989786311984], [""这"", 0.0019536269828677177], [""便"", 0.0019466542871668935]]",剪、唤、诗、似、织
339,绣 球,绣球,明,nan,"[[""n"", 0.24700266122817993], [""na"", 0.2114444077014923]]",n、na
329,腊前月季,月季,宋,杨万里的这首咏月季诗并无多少新意。不过，其中“一尖已剥胭脂笔，四破犹包翡翠茸”-,"[[""尖"", 0.003756952006369829], [""破"", 0.0034771983046084642], [""包"", 0.0031397324055433273], [""剥"", 0.0028394204564392567], [""联"", 0.002776325913146138], [""常"", 0.0027539164293557405], [""已"", 0.0025711278431117535], [""犹"", 0.002469839993864298], [""中"", 0.002410871908068657], [""茸"", 0.0022909794934093952]]",尖、破、包、剥、联
327,东风第一枝,玉兰,清,这首词描绘渲染了玉兰花雅淡皎洁之美，也显示出作者个人雅洁自好的志趣情怀。 词人一,"[[""爱"", 0.0027065854519605637], [""搓"", 0.0026611194480210543], [""白"", 0.0025459756143391132], [""犯"", 0.0023581483401358128], [""侵"", 0.002285297028720379], [""闵"", 0.002216646447777748], [""好"", 0.002058632904663682], [""琼"", 0.00201563467271626], [""即"", 0.0019512241706252098], [""总"", 0.0019162659300491214]]",爱、搓、白、犯、侵
321,梨 花,李花,元,轻柔，象纷扬飘落的花瓣；深沉，象一泓蓝色的春水；迷离，象幸福甜蜜的梦境；飘渺，象,"[[""轻"", 0.0035002182703465223], [""别"", 0.0030765077099204063], [""尽"", 0.0026173312216997147], [""渚"", 0.002342339837923646], [""相"", 0.0022365457843989134], [""长"", 0.002217861358076334], [""霏"", 0.002182758878916502], [""泓"", 0.0021138854790478945], [""柔"", 0.002048743423074484], [""我"", 0.002023973036557436]]",轻、别、尽、渚、相
228,桃 花,桃花,明,在这首诗中，作者没有正面写存天的桃花如何鲜艳动人，它如何在朝阳晨雾中依栏开放。对,"[[""颜"", 0.003027502913028002], [""依"", 0.0022755058016628027], [""读"", 0.002190020866692066], [""梳"", 0.0020273663103580475], [""匀"", 0.001901818672195077], [""比"", 0.0018621552735567093], [""搽"", 0.0017933088820427656], [""写"", 0.0017745724180713296], [""使"", 0.001693917904049158], [""鬟"", 0.0016683428548276424]]",颜、依、读、梳、匀
291,画堂春,杏花,明,春天刚至，乍暖还寒。在一个轻阴微雨的日子里，在一座春水漫漫的小桥边，主人公驻足而,"[[""著"", 0.006161624565720558], [""番"", 0.0030849683098495007], [""弄"", 0.002351248636841774], [""歇"", 0.0022844572085887194], [""青"", 0.0021633561700582504], [""影"", 0.0021606057416647673], [""片"", 0.002025276655331254], ["">"", 0.0019807503558695316], [""破"", 0.0019670226611196995], [""春"", 0.001966818468645215]]",著、番、弄、歇、青
259,定风波,桃花,宋,此词咏桃花而辞涉艳情，可能有本事，也可能没有本事。不能起词人于九泉之下，问他一个,"[[""\"""", 0.004707274958491325], [""应"", 0.0031340329442173243], [""结"", 0.002984303515404463], [""华"", 0.002965324092656374], [""用"", 0.0026641867589205503], [""片"", 0.0026579194236546755], [""贪"", 0.0024494947865605354], [""叩"", 0.002420347183942795], [""化"", 0.0024186952505260706], [""皂"", 0.002282684203237295]]","""、应、结、华、用"
260,露 华,桃花,宋,这首咏碧桃词，以其取径曲、布势远的结构特点和创造拟人化的象征意象、反熟为生的特点,"[[""紺"", 0.0038175114896148443], [""记"", 0.0033019399270415306], [""裙"", 0.002791948150843382], [""远"", 0.002749926410615444], [""临"", 0.002453763037919998], [""咏"", 0.002232207218185067], [""红"", 0.00222862814553082], [""除"", 0.0022184038534760475], [""小"", 0.002150747226551175], [""\"""", 0.0020640918519347906]]",紺、记、裙、远、临
266,杏‘ 花,杏花,宋,王安石这首《杏花》，可能是他退居金陵之后所作。写他一次出外漫游，见到水中杏花倒影,"[[""宝"", 0.003102145390585065], [""\"""", 0.0028081247583031654], [""条"", 0.0027299774810671806], [""度"", 0.0027233317960053682], [""古"", 0.002566251903772354], [""脉"", 0.002476619090884924], [""痕"", 0.0024488733615726233], [""色"", 0.002422275021672249], [""联"", 0.002407311461865902], [""写"", 0.002377025783061981]]","宝、""、条、度、古"
255,潘岳爱桃,桃花,明,潘岳，西晋时有名的诗赋家，字安仁，俗称潘安，这个特殊的历史人物，给后人的认识是复,"[[""花"", 0.0024958625435829163], [""掷"", 0.0024911118671298027], [""常"", 0.002271077362820506], [""爱"", 0.0020909130107611418], [""亡"", 0.002078284742310643], [""潘"", 0.0020350434351712465], [""果"", 0.002028800081461668], [""与"", 0.00189545180182904], [""美"", 0.0018659643828868866], [""难"", 0.0018049997743219137]]",花、掷、常、爱、亡
268,杏 花,杏花,唐,这是一首借咏花来写志抒情的七言古风。在此，先得简单回顾-下这诗的写作背景。众所共,"[[""哦"", 0.004568642936646938], [""被"", 0.0024568834342062473], [""徙"", 0.0021199763286858797], [""愈"", 0.0020890571177005768], [""致"", 0.001984851434826851], [""诗"", 0.0019263967406004667], [""贬"", 0.0019103357335552573], [""连"", 0.0018820769619196653], [""便"", 0.0018691803561523557], [""所"", 0.0018464160384610295]]",哦、被、徙、愈、致
286,游园不值,杏花,宋,《游园不值>是南宋诗人叶绍翁(生平不详)的传世名篇。诗题既是《游园不值>，就非专,"[[""名"", 0.002433778252452612], [""枝"", 0.0023779524490237236], [""澹"", 0.0021487169433385134], [""都"", 0.0020206908229738474], [""遮"", 0.002020093845203519], [""作"", 0.001990633551031351], ["">"", 0.0019824234768748283], [""来"", 0.001977116335183382], [""融"", 0.0019716331735253334], [""更"", 0.001965427305549383]]",名、枝、澹、都、遮
542,浪淘沙,芍药,宋,暮春时节，争芳斗艳的众花差不多已凋落殆尽。鹃鹪的声声啼叫哀怨凄切，闻之令人肠断。,"[[""规"", 0.004095874726772308], [""故"", 0.002501742448657751], [""望"", 0.0024816226214170456], [""妆"", 0.002375352196395397], [""子"", 0.002224910305812955], [""看"", 0.0021918308921158314], [""抹"", 0.0020373226143419743], [""新"", 0.0019402087200433016], [""殿"", 0.00186475261580199], [""好"", 0.0018541032914072275]]",规、故、望、妆、子
543,水龙吟,芍药,宋,咏物词的结构通常是上片形容描绘物象本身，追求形似或神似的艺术效果；下片则结合所咏,"[[""眺"", 0.0028207292780280113], [""层"", 0.0026279455050826073], [""老"", 0.0024307959247380495], [""片"", 0.0023882240056991577], [""拟"", 0.0023034149780869484], [""典"", 0.0022278439719229937], [""词"", 0.002214818960055709], [""低"", 0.0021379655227065086], [""蝉"", 0.002121160039678216], [""带"", 0.002052126219496131]]",眺、层、老、片、拟
544,望海潮,芍药,宋,晁补之是苏轼门下四学士之一，甚有才名。<四库全书总目提要>说“其词神姿高秀，与轼,"[[""\"""", 0.006531672552227974], [""闵"", 0.003592137712985277], [""愈"", 0.0024307738058269024], [""肥"", 0.002354432363063097], [""予"", 0.0023165231104940176], [""丛"", 0.0022483807988464832], [""困"", 0.002183925360441208], [""吏"", 0.002123002428561449], [""守"", 0.0020602066069841385], [""据"", 0.002051673596724868]]","""、闵、愈、肥、予"
559,定风波,杜鹃,宋,以写豪放词著称的辛弃疾一生也写了不少咏花的词作。本篇就是其中的一首。 上闋写杜鹃,"[[""词"", 0.002181985415518284], [""阵"", 0.0021322686225175858], [""却"", 0.002121454104781151], [""似"", 0.002069114940240979], [""写"", 0.0019214986823499203], [""为"", 0.0017525360453873873], [""蜀"", 0.0017362212529405951], [""花"", 0.0017073015915229917], [""小"", 0.0016686385497450829], [""女"", 0.0016642825212329626]]",词、阵、却、似、写
564,赋虞美人草,虞美人,宋,姜夔是著名的词人，同时又写得一手好诗，这在古代文学史上是颇为难得的。这首诗前半写,"[[""可"", 0.00338107836432755], [""冢"", 0.0030939963180571795], [""日"", 0.0026291883550584316], [""\"""", 0.0025376405101269484], [""披"", 0.002285111229866743], [""兮"", 0.0022081411443650723], [""辞"", 0.0021050821524113417], [""浩"", 0.0020178616978228092], [""吹"", 0.002005424816161394], [""力"", 0.001918289577588439]]","可、冢、日、""、披"
569,虞美人,虞美人,清,虞美人花，本名丽春，因为花色美丽，后来，人们就以楚霸王项羽的爱妾虞姬一——虞美人,"[[""虞"", 0.0029854457825422287], [""和"", 0.002677205251529813], [""凛"", 0.0024470456410199404], [""说"", 0.0022660407703369856], [""怜"", 0.002220365684479475], [""过"", 0.0021596404258161783], [""丽"", 0.002081982558593154], [""春"", 0.002027926268056035], [""东"", 0.0020043128170073032], [""美"", 0.0019080357160419226]]",虞、和、凛、说、怜
610,石竹花,石竹,宋,作为一首咏物诗，作者对于所咏对象的态度往往是比较鲜明的，或者因喜好而赞美，或者由,"[[""霜"", 0.0032714137341827154], [""经"", 0.002631495241075754], [""猷"", 0.002313550328835845], [""姿"", 0.0022455009166151285], [""艳"", 0.0022408324293792248], [""筠"", 0.0019164495170116425], [""常"", 0.001790662296116352], [""\"""", 0.0017715513240545988], [""真"", 0.0017134926747530699], [""由"", 0.0016502452781423926]]",霜、经、猷、姿、艳
600,西园石榴开,榴花,宋,古往今来，因观花而伤春者多矣；借咏花而寄咏怀者亦多矣。然欧阳文忠公这首咏榴花诗却,"[[""密"", 0.002993911039084196], [""初"", 0.0024049952626228333], [""观"", 0.0023997370153665543], [""极"", 0.002289579948410392], [""美"", 0.0022236350923776627], [""之"", 0.002121704164892435], [""攀"", 0.0020679065492004156], [""繁"", 0.002058033598586917], [""春"", 0.0020540840923786163], [""觉"", 0.0020076101645827293]]",密、初、观、极、美
595,咏邻女东窗海石榴,榴花,唐,古今中外的诗史上，用花儿比美女，比心上人已成为惯例。好的比喻，妙的比喻，常为人借,"[[""比"", 0.002819639630615711], [""榴"", 0.0026370366103947163], [""正"", 0.00229524914175272], [""美"", 0.0022074661683291197], [""鲁"", 0.00216107489541173], [""娇"", 0.0020137117244303226], [""情"", 0.0020135650411248207], [""瑚"", 0.0019956305623054504], [""咏"", 0.0019791412632912397], [""者"", 0.001918569440022111]]",比、榴、正、美、鲁
596,赋园中所有,榴花,宋,这是一首寄意幽深的诗。写诗赋景，借物抒情，一般都选取成熟、美艳的标本来歌颂，而本,"[[""崎"", 0.0029712014365941286], [""病"", 0.0022880148608237505], [""岂"", 0.0022646188735961914], [""残"", 0.002235641237348318], [""容"", 0.002104207407683134], [""则"", 0.0020504980348050594], [""沉"", 0.0019430441316217184], [""借"", 0.001820952515117824], [""堂"", 0.0017656655982136726], [""遮"", 0.0017362196231260896]]",崎、病、岂、残、容
597,榴 花,榴花,明,这是一派美丽的景致，一幅绚丽的画图。一般人是不把榴花当作奇物和雅卉来供奉的，这儿,"[[""趣"", 0.002918630838394165], [""盆"", 0.0026703833136707544], [""至"", 0.0023216535337269306], [""故"", 0.0020218330901116133], [""盘"", 0.0019135000184178352], [""多"", 0.001910664839670062], [""缚"", 0.0018833682406693697], [""竟"", 0.0018811154877766967], [""卉"", 0.0018710715230554342], [""魂"", 0.0018692314624786377]]",趣、盆、至、故、盘
608,贺新郎,榴花,宋,关于苏轼《贺新郎>咏榴花词的写作背景，在宋代就有几种不同的说法:杨湜<古今词话>,"[[""缺"", 0.003238507080823183], [""鸿"", 0.0029605028685182333], [""赋"", 0.002823289716616273], [""疏"", 0.002809853758662939], [""乳"", 0.0026050498709082603], [""比"", 0.002493218518793583], [""说"", 0.0024846852757036686], [""榴"", 0.002229657955467701], [""挂"", 0.0021950581576675177], [""也"", 0.0021186675876379013]]",缺、鸿、赋、疏、乳
598,榴 花,榴花,金,诗的起首，诗人就用了四种花儿和榴花比较，这四种是山茶、桃花、戎葵、米囊(即罂粟花,"[[""诗"", 0.003108807373791933], [""模"", 0.0026483514811843634], [""引"", 0.0023945190478116274], [""用"", 0.0023318352177739143], [""写"", 0.0021130419336259365], [""即"", 0.001975183142349124], [""粟"", 0.001963207731023431], [""绯"", 0.001959587447345257], [""挚"", 0.001933002145960927], [""米"", 0.0019316829275339842]]",诗、模、引、用、写
615,栀 子,栀子花,宋,栀子花为常绿灌木，古人以为就是西域的薝蔔。也有人说薝蔔是金色花，而栀子花是白色的,"[[""葡"", 0.006090802606195211], [""白"", 0.0035274287220090628], [""\"""", 0.0028008013032376766], [""玉"", 0.002729316707700491], [""蔔"", 0.002438250230625272], [""寒"", 0.0023258209694176912], [""影"", 0.0022453181445598602], [""栀"", 0.0021662162616848946], [""仍"", 0.002084766747429967], [""萄"", 0.0020426271948963404]]","葡、白、""、玉、蔔"
599,海 榴,榴花,唐,单纯的咏花诗，即使写得再细致，刻画得再精微，也不会得到人们的钟爱，那只能是植物的,"[[""报"", 0.0033443288411945105], [""国"", 0.0028040462639182806], [""伤"", 0.002721628174185753], [""词"", 0.0021796401124447584], [""应"", 0.0019850488752126694], [""海"", 0.0019707647152245045], [""只"", 0.0019241094123572111], [""美"", 0.001861795550212264], [""本"", 0.0018549683736637235], [""引"", 0.0018533000256866217]]",报、国、伤、词、应
614,雨过山村,栀子花,唐,“竹溪村路板桥斜”。如果说首句已显出山村之“幽”，那么，次句就由曲径通幽的过程描,"[[""原"", 0.003973387647420168], [""精"", 0.0033494578674435616], [""少"", 0.0028765839524567127], [""斜"", 0.002859974279999733], [""深"", 0.002501874230802059], [""禁"", 0.002485322766005993], [""龙"", 0.0024702304508537054], [""书"", 0.0024383789859712124], [""似"", 0.002329142764210701], [""蚕"", 0.0023057321086525917]]",原、精、少、斜、深
601,榴 花,榴花,宋,石榴花在众花中不是奇品名种，也不是天香国色，但它自是别具风韵。其叶青翠笼葱，其花,"[[""-"", 0.006223110482096672], [""窈"", 0.0029586311429739], [""邻"", 0.002404669299721718], [""幽"", 0.002323711523786187], [""石"", 0.0022600367665290833], [""可"", 0.002176010049879551], [""户"", 0.0021254816092550755], [""当"", 0.0019702506251633167], [""落"", 0.0019130301661789417], [""应"", 0.0018915067194029689]]",-、窈、邻、幽、石
603,榴 花,榴花,唐,韩愈《题张十一旅舍三咏>包括(榴花>、(井>、《葡萄>三篇，作于唐宪宗元和元年(,"[[""署"", 0.0029932998586446047], [""见"", 0.0027503289747983217], [""起"", 0.0027492737863212824], [""-"", 0.0026629571802914143], [""题"", 0.002428667154163122], [""同"", 0.0023769980762153864], [""用"", 0.0022518113255500793], [""初"", 0.0022261720150709152], [""咏"", 0.0022162161767482758], [""愈"", 0.002170047489926219]]",署、见、起、-、题
607,庆清朝,榴花,宋,“西邻窈窕，独怜人户飞红。前度绿荫载酒，枝头色比舞裙同。”接着换笔另起，写西邻淑,"[[""\"""", 0.0038973733317106962], [""攒"", 0.003617719281464815], [""海"", 0.0032356837764382362], [""拟"", 0.003226162865757942], [""-"", 0.003086416283622384], [""人"", 0.00281722005456686], [""作"", 0.002772379433736205], [""实"", 0.0025726081803441048], [""怜"", 0.0024023547302931547], [""同"", 0.0023281057365238667]]","""、攒、海、拟、-"
612,赋石竹,石竹,元,"篱落多为庭院间物，以篱护院，其居处简陋可知，况且这又是一道“短篱”。“梢梢""既为","[[""院"", 0.002597819548100233], [""指"", 0.0025696097873151302], [""葱"", 0.002422836609184742], [""点"", 0.002365866908803582], [""短"", 0.002326624933630228], [""则"", 0.002206226345151663], [""见"", 0.002056099008768797], [""工"", 0.0019783417228609324], [""素"", 0.001968768425285816], [""缀"", 0.0019467277452349663]]",院、指、葱、点、短
609,石竹咏,石竹,唐,咏物诗大多是托物以言志或借物以抒情，而在这首诗中，诗人则干脆摇身一变，化而为石竹,"[[""常"", 0.0033356444910168648], [""情"", 0.003007025457918644], [""垂"", 0.002960523124784231], [""令"", 0.0026342368219047785], [""恐"", 0.0024496016558259726], [""咏"", 0.002355265663936734], [""失"", 0.002206976991146803], [""思"", 0.0021736412309110165], [""运"", 0.00214820122346282], [""写"", 0.0020905749406665564]]",常、情、垂、令、恐
611,石竹花,石竹,宋,王安石既是一位锐意改革的政治家，又是一位情感丰富的文学家。死后且不论，生前即多遭,"[[""始"", 0.003919987939298153], [""临"", 0.0031663496047258377], [""多"", 0.0025529831182211637], [""晚"", 0.002403551945462823], [""\"""", 0.00238601490855217], [""即"", 0.0023162064608186483], [""车"", 0.0021301843225955963], [""浅"", 0.0020925586577504873], [""独"", 0.0019276767270639539], [""敷"", 0.0017979512922465801]]","始、临、多、晚、"""
872,题菊花,菊花,唐,唐末诗人林宽有这样两句诗：“莫言马上得天下，自古英雄皆解诗。”古往今来，确有不少,"[[""种"", 0.0027496586553752422], [""写"", 0.00240681623108685], [""劲"", 0.0022470266558229923], [""飒"", 0.0021541875321418047], [""开"", 0.0021172724664211273], [""这"", 0.0020463624969124794], [""韵"", 0.002042619977146387], [""诗"", 0.001982447225600481], [""标"", 0.001926061580888927], [""伴"", 0.0019089090637862682]]",种、写、劲、飒、开
663,白 莲,木芙蓉,唐,清初，提倡“神韵说”的王渔洋非常欢喜这首诗。他说：“无情二语，恰是咏白莲诗，移用,"[[""我"", 0.0025785688776522875], [""写"", 0.0022840709425508976], [""说"", 0.0021999035961925983], [""却"", 0.0021575908176600933], [""恨"", 0.001975633669644594], [""莲"", 0.0019611965399235487], ["">"", 0.001954619772732258], [""神"", 0.0019446698715910316], [""俗"", 0.0018369471654295921], [""药"", 0.001762850908562541]]",我、写、说、却、恨
642,张静婉采莲曲,荷花,唐,<张静婉采莲曲>是乐府旧题，属清商曲辞。据(梁书>说，张静婉是羊侃家舞女。其“容,"[[""\"""", 0.01035340130329132], [""度"", 0.0034282254055142403], [""温"", 0.003382507711648941], [""销"", 0.002957883756607771], [""发"", 0.002834659768268466], [""即"", 0.0026535242795944214], [""客"", 0.0026205580215901136], [""珂"", 0.00254848413169384], [""天"", 0.0024828030727803707], [""抛"", 0.002413641894236207]]","""、度、温、销、发"
704,水龙吟白莲,虞美人,宋,·此词脉白。全词采用自然时序的过去—现在——将来的纵式结构形态。上片写，写白莲之,"[[""片"", 0.003371385857462883], [""试"", 0.0030586638022214174], [""按"", 0.0027367828879505396], [""彻"", 0.002734855515882373], [""脉"", 0.0027286300901323557], [""末"", 0.002639173064380884], [""拟"", 0.002639168407768011], [""寻"", 0.002551996149122715], [""毕"", 0.002477464731782675], [""写"", 0.00237103714607656]]",片、试、按、彻、脉
639,奉酬卢给事云夫四兄曲江荷花行见寄并呈上钱七兄阁老张十八助教,荷花,唐,曲江千顷秋波净，平铺红云盖明镜。大明宫中给事，归，走马来看立不正。遗我明珠九十六,"[[""老"", 0.002944700885564089], [""笞"", 0.002659351797774434], [""即"", 0.002657785080373287], [""籍"", 0.002568139461800456], [""汀"", 0.002305685542523861], [""酬"", 0.0022916411980986595], [""明"", 0.0021359098609536886], [""我"", 0.002109317574650049], [""阁"", 0.0020701747853308916], [""和"", 0.0020318732131272554]]",老、笞、即、籍、汀
638,采莲曲,荷花,唐,第一层可算相思发端。-个美丽的采莲女(从“桂棹兰桡”和“罗裙玉腕”可以想见)在一,"[[""少"", 0.003461747895926237], [""敷"", 0.002648433903232217], [""已"", 0.002638759557157755], [""层"", 0.002412963891401887], [""更"", 0.0024054425302892923], [""秦"", 0.00230511836707592], [""时"", 0.002053506439551711], [""那"", 0.0020039763767272234], [""-"", 0.0019565776456147432], [""比"", 0.001952659571543336]]",少、敷、已、层、更
696,玉楼春,木芙蓉,明,王夫之是一位极负盛名的明末遗民诗人。他在明亡后，归隐衡阳石船山下，闭门著书，誓不,"[[""涵"", 0.004716518335044384], [""\"""", 0.0039845299907028675], [""定"", 0.0039531877264380455], [""获"", 0.0032817446626722813], [""片"", 0.003020667936652899], [""周"", 0.002699710661545396], [""不"", 0.002477250760421157], [""均"", 0.0023914147168397903], [""匀"", 0.0023897732608020306], [""钩"", 0.0023658829741179943]]","涵、""、定、获、片"
637,观鑫,荷花,清,这是一首观莲咏怀诗，可以分成三个部分来读。第一部分是前八句，写幽赏心会。“清池莹,"[[""块"", 0.0034866267815232277], [""谓"", 0.003332842141389847], [""对"", 0.0031893188133835793], [""浣"", 0.003153096651658416], [""会"", 0.002827273216098547], [""写"", 0.002812535734847188], [""赏"", 0.0024975615087896585], [""见"", 0.0023564258590340614], [""幽"", 0.0022861971519887447], [""朝"", 0.0021809532772749662]]",块、谓、对、浣、会
636,采莲曲,荷花,金,这是一首充满生命活力，具有民歌风味的采莲曲。作者采用整齐的五言句式，在淡泊恬美的,"[[""斜"", 0.0028886129148304462], [""平"", 0.002544126706197858], [""说"", 0.002157068345695734], [""文"", 0.0020789268892258406], [""酣"", 0.002052501542493701], [""层"", 0.001790439710021019], [""曲"", 0.0017819404602050781], [""余"", 0.0017014758195728064], [""里"", 0.0016684132860973477], [""少"", 0.0016505939420312643]]",斜、平、说、文、酣
699,踏莎行,虞美人,宋,年辈稍长于贺铸的北宋著名词人晏几道写过一首<蝶恋花>咏莲词：“笑艳秋莲生绿浦。红,"[[""分"", 0.003290716093033552], [""与"", 0.002647014334797859], [""小"", 0.0025546569377183914], [""别"", 0.002446206985041499], [""回"", 0.002048864960670471], [""右"", 0.0020393524318933487], [""论"", 0.0019253818318247795], [""浦"", 0.0018946107011288404], [""洵"", 0.0018868822371587157], [""竟"", 0.001873449538834393]]",分、与、小、别、回
701,惜红衣,虞美人,宋,《惜红衣》为词人的自度曲，词牌取怜惜荷花之意。丁未，即淳熙十四年(1187)。是,"[[""弁"", 0.0034049490932375193], [""官"", 0.0031604254618287086], [""相"", 0.0025896558072417974], [""讯"", 0.0025258332025259733], [""夔"", 0.0023599150590598583], [""词"", 0.0023438106290996075], [""无"", 0.002287901472300291], [""姜"", 0.002230552490800619], [""游"", 0.0022237577941268682], [""指"", 0.002151662949472666]]",弁、官、相、讯、夔
702,洞仙歌令,虞美人,宋,康与之的词大多是应制词。当时虽然曾受高宗、孝宗的赏识，极负盛名，但是由于缺乏思想,"[[""\"""", 0.0034874831326305866], [""耶"", 0.003300231881439686], [""酣"", 0.0028724386356770992], [""别"", 0.0025566609110683203], [""欲"", 0.0023613711819052696], [""西"", 0.0022699455730617046], [""倚"", 0.0021435017697513103], [""平"", 0.002071893308311701], [""彼"", 0.001938122557476163], [""含"", 0.0019318994600325823]]","""、耶、酣、别、欲"
703,水龙吟,虞美人,宋,这是一首咏物之词。南宋末许多词人处亡国之际，情绪消沉，相与结社，选调命题填词，借,"[[""\"""", 0.0054750991985201836], [""施"", 0.0034027898218482733], [""阙"", 0.002554053207859397], [""兮"", 0.002536618383601308], [""羞"", 0.0025293175131082535], [""仍"", 0.0023739230819046497], [""者"", 0.0023633146192878485], [""沐"", 0.0022979192435741425], [""静"", 0.002254326129332185], [""调"", 0.002188946818932891]]","""、施、阙、兮、羞"
706,迈陂塘,虞美人,金,在中国古典诗词的发展历程中，“情爱”和“忠爱”的表现长期处在既分流又复合的状态。,"[[""并"", 0.003348757280036807], [""-"", 0.0032971606124192476], [""说"", 0.0032186550088226795], [""多"", 0.003208153648301959], [""每"", 0.0031527960672974586], [""正"", 0.003059973008930683], [""无"", 0.0029138103127479553], [""怨"", 0.002906647277995944], [""侧"", 0.0028326711617410183], [""双"", 0.002325304551050067]]",并、-、说、多、每
707,迈陂塘,虞美人,元,李冶的与元好问同调同题“双蕖怨”之作，是以自家的面貌迥异于遗山神韵的。其词的差异,"[[""天"", 0.0026164348237216473], [""衰"", 0.0025841910392045975], [""呈"", 0.0025658938102424145], [""雄"", 0.0024547800421714783], [""情"", 0.002363394945859909], [""并"", 0.002195877954363823], [""韵"", 0.0021131979301571846], [""层"", 0.0020956196822226048], [""较"", 0.002070967573672533], [""独"", 0.0020485701970756054]]",天、衰、呈、雄、情
708,念奴娇,虞美人,宋,姜夔《念奴娇》词，前面有一篇文笔清丽的小序，说明他写此词的时间和经过，“予客武陵,"[[""记"", 0.0035358364693820477], [""化"", 0.0030166744254529476], [""常"", 0.0027800737880170345], [""萧"", 0.0023853646125644445], [""姜"", 0.0023659125436097383], [""据"", 0.0021324045956134796], [""陂"", 0.002115129493176937], [""白"", 0.0021065138280391693], [""闹"", 0.0020610105711966753], [""\"""", 0.002060410100966692]]",记、化、常、萧、姜
759,南柯子,秋海棠,清,高士奇这首词，依传统的“海棠美人”立意，但因咏的是秋海棠，与春日海棠自有不同，作,"[[""派"", 0.0036804047413170338], [""得"", 0.0025328979827463627], [""称"", 0.002392106456682086], [""偏"", 0.002358580008149147], [""映"", 0.002339608035981655], [""半"", 0.0021753523033112288], [""红"", 0.002149836393073201], [""-"", 0.002105534542351961], [""染"", 0.0020924813579767942], [""生"", 0.0020613742526620626]]",派、得、称、偏、映
756,白秋海棠,秋海棠,清,诗写秋夜的白海棠，前二句写出了白海棠的风姿，后二句写女主人公看花的清态。清亮的秋,"[[""愈"", 0.004185852594673634], [""日"", 0.0031727582681924105], [""素"", 0.0024103359319269657], [""诗"", 0.002351449802517891], [""如"", 0.0022486597299575806], [""洁"", 0.002188293728977442], [""独"", 0.002138968789950013], [""帘"", 0.0020626187324523926], [""秋"", 0.002055868972092867], [""影"", 0.0020471594762057066]]",愈、日、素、诗、如
749,咏槿花,木槿,唐,推月下门”还是“僧敲月下门”而苦思冥索，不觉冲撞了韩愈的仪仗。《红 楼梦中香菱学,"[[""怪"", 0.003296102862805128], [""直"", 0.003185216337442398], [""推"", 0.002632797695696354], [""双"", 0.0025113129522651434], [""便"", 0.0024548920337110758], [""而"", 0.002453175839036703], [""咏"", 0.0023849611170589924], [""疑"", 0.0023815403692424297], [""圆"", 0.002305540954694152], [""愈"", 0.002201288240030408]]",怪、直、推、双、便
782,同儿曹赋芦花,芦花,金,题为“赋芦花”，却全不用明写，只以暗笔摹出芦苇的神貌，并借此寄情，可见作者是咏物,"[[""题"", 0.002183162374421954], [""拉"", 0.002135718008503318], [""赋"", 0.002107255393639207], [""哀"", 0.0019564752001315355], [""而"", 0.0019490525592118502], [""典"", 0.0019081487553194165], [""霜"", 0.0019012978300452232], [""暗"", 0.0018472779775038362], [""觉"", 0.0018457166152074933], [""写"", 0.0018450672505423427]]",题、拉、赋、哀、而
747,槿,木槿,明,这首五言古诗一共十六句，它抓住了木槿的两个特性来抒发感情。第一个特性是木槿可以编,"[[""知"", 0.002762601710855961], [""故"", 0.0025354810059070587], [""贵"", 0.002332715317606926], [""起"", 0.0022849917877465487], [""忘"", 0.0021112938411533833], [""忧"", 0.002026670379564166], [""篱"", 0.001960723428055644], [""而"", 0.0019094191957265139], [""编"", 0.0018542614998295903], [""度"", 0.0018258064519613981]]",知、故、贵、起、忘
746,白槿花,木槿,元,（白槿花>这首诗紧紧扣住了“白”字来写，赞扬了白槿花纯洁无瑕、冰清玉洁，与世无争,"[[""分"", 0.004085524473339319], [""\"""", 0.00295079592615366], [""-"", 0.002477476838976145], [""指"", 0.0024307100102305412], [""衣"", 0.0023225010372698307], [""弄"", 0.0022544984240084887], [""读"", 0.002127334475517273], [""破"", 0.0021151446271687746], [""清"", 0.001973903039470315], [""都"", 0.0019429557723924518]]","分、""、-、指、衣"
760,蝶恋花,秋海棠,清,春天，百花盛开，万紫千红，而秋海棠却不愿和它们争春。“难位置”，真正的意思并不是,"[[""特"", 0.003765200497582555], [""就"", 0.002944130217656493], [""中"", 0.0028532282449305058], [""起"", 0.0025062987115234137], [""睡"", 0.0021747536957263947], [""与"", 0.0021661354694515467], [""难"", 0.002109996508806944], [""用"", 0.0020767617970705032], [""-"", 0.002034303266555071], [""阴"", 0.00198015826754272]]",特、就、中、起、睡
748,槿 花(其-),木槿,唐,花，不仅是作为他特别爱好和作为玩赏的特定审美对象，更值得人们深思的，是作为人间最,"[[""花"", 0.00265408493578434], [""冠"", 0.0025322320871055126], [""笑"", 0.0024984923657029867], [""相"", 0.0024394108913838863], [""怜"", 0.0022707548923790455], [""多"", 0.0021318146027624607], [""劫"", 0.0019348696805536747], [""这"", 0.0019057635217905045], [""居"", 0.0018602311611175537], [""体"", 0.0017739245668053627]]",花、冠、笑、相、怜
764,蓼 花,蓼花,宋,这是一首咏花抒怀之作。咏花，则肖花；抒怀，则蕴藉。把明丽的形象与深沉的思索结合·,"[[""砌"", 0.005745056550949812], [""写"", 0.0037467298097908497], [""体"", 0.0031159480568021536], [""蓼"", 0.002830444136634469], [""秋"", 0.0027306077536195517], [""檐"", 0.0026568558532744646], [""观"", 0.002485994016751647], [""媚"", 0.0024761799722909927], [""上"", 0.00239064684137702], [""藉"", 0.0023709663655608892]]",砌、写、体、蓼、秋
783,芦 花,芦花,明,这首诗用兴的艺术手法，由深秋芦花，触发怀人感情。 “江畔洲前白渺茫，萧萧摵摵斗秋,"[[""旅"", 0.003572990419343114], [""通"", 0.0032701068557798862], [""避"", 0.002889711409807205], [""兴"", 0.0027410294860601425], [""云"", 0.002655081683769822], [""经"", 0.0026250777300447226], [""瑟"", 0.0025846906937658787], [""清"", 0.002572106895968318], [""哀"", 0.0025155397597700357], [""想"", 0.0024347836151719093]]",旅、通、避、兴、云
789,金钗股,金银花,清,金钗股，即金银花。这种花初白后黄，有香气，可人药。可惜历代诗人很少注意它，因此吟,"[[""也"", 0.0034781252034008503], [""\"""", 0.003445112146437168], [""-"", 0.0030289331916719675], [""分"", 0.0026618759147822857], [""出"", 0.0023598179686814547], [""芳"", 0.002347744768485427], [""整"", 0.0023368955589830875], [""胎"", 0.0022872474510222673], [""号"", 0.0022656216751784086], [""股"", 0.0021202515345066786]]","也、""、-、分、出"
791,曼陀罗,曼陀罗,宋,咏物诗，描其形易，拟其神难；独咏-物易，连带他物难。陈与义此诗，·舍易就难，在对,"[[""我"", 0.004040805622935295], [""迷"", 0.0034934214781969786], [""他"", 0.0025745960883796215], [""俗"", 0.0025383946485817432], [""独"", 0.0024598545860499144], [""易"", 0.002420352539047599], [""风"", 0.002293576719239354], [""房"", 0.0022219547536224127], [""写"", 0.0022199456579983234], [""圃"", 0.0021983894985169172]]",我、迷、他、俗、独
768,迷仙引,蓼花,清,这首词所咏之物是水蓼花。水蓼是一种草，多生于水边湿地，夏秋开淡红色或淡绿色小花。,"[[""爱"", 0.003555984003469348], [""容"", 0.003122062422335148], [""与"", 0.0030960640870034695], [""蓼"", 0.00263944361358881], [""绿"", 0.0026319180615246296], [""冷"", 0.0026121216360479593], [""写"", 0.002456439658999443], [""即"", 0.0020367305260151625], [""倚"", 0.002000201027840376], [""皆"", 0.0019712457433342934]]",爱、容、与、蓼、绿
770,水龙吟蓼花,蓼花,清,·这首词所咏蓼花，是江南水乡常见的水蓼。她们漫生于湖畔河旁，每年夏秋之交，便纷纷,"[[""工"", 0.005709999240934849], [""蓼"", 0.0028720381669700146], [""萝"", 0.00267220102250576], [""等"", 0.002569357166066766], [""script"", 0.002420733217149973], [""prime"", 0.0023426255211234093], [""$"", 0.0022635869681835175], [""楚"", 0.0022384345065802336], [""点"", 0.0022049839608371258], [""闲"", 0.002083725295960903]]",工、蓼、萝、等、script
774,题画鸡冠花,鸡冠花,元,这首诗活脱是写了·只勇武的雄鸡，它的巧妙处却在把鸡与花融为一体了。它已不是一幅精,"[[""司"", 0.003093251958489418], [""声"", 0.002498075133189559], [""陵"", 0.0023532449267804623], [""\"""", 0.002163122408092022], [""五"", 0.0020354902371764183], [""喻"", 0.0020323283970355988], [""-"", 0.002025657333433628], [""花"", 0.001911866944283247], [""唤"", 0.0018184911459684372], [""点"", 0.0017828741110861301]]","司、声、陵、""、五"
781,紫 薇,紫薇,宋,好的咏物诗，借物抒怀，咏物不滞于物。唐代曾把中书省改为紫微省，中书令即为紫徽令(,"[[""\"""", 0.004187978338450193], [""清"", 0.003258167300373316], [""徽"", 0.002654440701007843], [""浸"", 0.002259868197143078], [""改"", 0.0020847911946475506], [""禁"", 0.002056815894320607], [""样"", 0.0020024729892611504], [""少"", 0.0019671691115945578], [""妄"", 0.001951606129296124], [""省"", 0.001943671377375722]]","""、清、徽、浸、改"
800,八月十七日天竺山送桂花分贈元素,桂花,宋,此诗作于宋神宗熙宁七年(1074)杭州通判任上。天竺山在杭州西湖北。山中的桂花闻,"[[""原"", 0.0036100209690630436], [""缺"", 0.003195573575794697], [""元"", 0.0030270933639258146], [""别"", 0.002905449364334345], [""浓"", 0.002832869067788124], [""霜"", 0.0027050597127527], [""用"", 0.0024373179767280817], [""役"", 0.0024254932068288326], [""来"", 0.0024239446502178907], [""五"", 0.002414607908576727]]",原、缺、元、别、浓
804,东城桂,桂花,唐,《东城桂》共三首，此为第一首。诗前有序云：“苏之东城，古吴都城也，今为樵牧之场。,"[[""首"", 0.0028434109408408403], [""次"", 0.00277060829102993], [""宿"", 0.002574634039774537], [""词"", 0.0024951884988695383], [""堕"", 0.0024622823111712933], [""\"""", 0.002438150579109788], [""赋"", 0.0024061386939138174], [""子"", 0.002316472353413701], [""绝"", 0.0022901606280356646], [""压"", 0.0022149239666759968]]",首、次、宿、词、堕
817,古香慢,桂花,宋,沧浪，即苏州城东沧浪园，南宋初爱国名将韩世忠别墅。此词为梦窗晚年之作。梦窗又有(,"[[""\"""", 0.006175179034471512], [""洪"", 0.004205867648124695], [""讯"", 0.003606396960094571], [""还"", 0.0034159854985773563], [""怨"", 0.0033459397964179516], [""沈"", 0.002642058301717043], [""用"", 0.002454075962305069], [""袅"", 0.0024191541597247124], [""滨"", 0.002415126422420144], [""薄"", 0.002408714033663273]]","""、洪、讯、还、怨"
824,菩萨蛮,秋葵,宋,晏殊为北宋初期词坛一大家。冯煦称他为“北宋倚声家初祖”(<宋六十一词选例言》)。,"[[""\"""", 0.006077775731682777], [""倚"", 0.0034632133319973946], [""同"", 0.0029097148217260838], [""侧"", 0.0026704776100814342], [""露"", 0.002627050504088402], [""写"", 0.002572479424998164], [""最"", 0.0025680914986878633], [""插"", 0.002455033827573061], [""重"", 0.0024101894814521074], [""深"", 0.0023669966030865908]]","""、倚、同、侧、露"
827,滴滴金,滴滴金,宋,状物诗，有以“实”取胜者，有以“虚”取胜者。以实取胜，即实写某物状难写之景如在目,"[[""成"", 0.0031234698835760355], [""既"", 0.0029606642201542854], [""榆"", 0.002747506834566593], [""虚"", 0.0026123870629817247], [""新"", 0.0025907126255333424], [""首"", 0.0024671871215105057], [""非"", 0.002346377121284604], [""写"", 0.00230596587061882], [""乘"", 0.002282211557030678], [""露"", 0.002261195331811905]]",成、既、榆、虚、新
829,咏金钱花,金钱花,唐,这是一首政治讽刺诗。诗人借咏金钱花，辛辣而又带幽默地讽刺了封建统治者对人民残酷压,"[[""写"", 0.0020170609932392836], [""讽"", 0.0019435884896665812], [""附"", 0.0017600462306290865], [""任"", 0.0017549535259604454], [""具"", 0.0017362963408231735], [""伸"", 0.0016923779621720314], [""币"", 0.0016918390756472945], [""却"", 0.0016881946939975023], [""即"", 0.0016849162057042122], [""刺"", 0.001684834947809577]]",写、讽、附、任、具
832,蘋 花,蘋花,清,翠叶金花杂杜蘅， 湘湖千里最知名：秋风飒飒过南浦， 乡思无端一夕生。 蘋花生浅水,"[[""蘋"", 0.005050300620496273], [""杂"", 0.0048068817704916], [""\"""", 0.0044027054682374], [""金"", 0.0037055446300655603], [""门"", 0.0035656739491969347], [""翠"", 0.0034874104894697666], [""若"", 0.0026418943889439106], [""常"", 0.0026083127595484257], [""以"", 0.002516805659979582], [""白"", 0.0024093929678201675]]","蘋、杂、""、金、门"
857,晚香轩,菊花,明,"本诗以问句发响，议论起兴，开头便谓：“焉知老子非元亮""，笔势横逸奇绝，自有豪气鼓","[[""\"""", 0.0024238144978880882], [""屐"", 0.002399394055828452], [""-"", 0.002147246850654483], [""非"", 0.001959855668246746], [""问"", 0.0019449618412181735], [""诗"", 0.0018711851444095373], [""称"", 0.0018664118833839893], [""反"", 0.001852931804023683], [""章"", 0.001844419981352985], [""登"", 0.0018335827626287937]]","""、屐、-、非、问"
856,晚香轩,菊花,明,菊花傲视风霜，寒秋留节，有着“不同桃李混芳尘”的独特个性。开头的“不畏风霜向晚欺,"[[""拟"", 0.00288894004188478], [""就"", 0.0028581328224390745], [""\"""", 0.0027708348352462053], [""逃"", 0.002748897299170494], [""存"", 0.002518363995477557], [""晚"", 0.0022822562605142593], [""径"", 0.002221571747213602], [""地"", 0.0020790179260075092], [""荒"", 0.0020550312474370003], [""联"", 0.002032394055277109]]","拟、就、""、逃、存"
798,岩 桂,桂花,宋,首联状花叶。粟，俗称小米，子实小，卵圆形，黄白色。“粟玉”，形容桂花圆小，玲珑剔,"[[""黏"", 0.004617583937942982], [""联"", 0.003178404178470373], [""齐"", 0.002699933247640729], [""岩"", 0.002328769536688924], [""碧"", 0.002319823019206524], [""剪"", 0.0022841650061309338], [""拭"", 0.002280451124534011], [""称"", 0.0022176485508680344], [""对"", 0.0021669126581400633], [""首"", 0.002158619463443756]]",黏、联、齐、岩、碧
853,刘员外寄移菊,菊花,唐,秋来缘树复缘墙，怕共平芜一例荒。颜色不能随地变， 风流唯解逐人香。烟含细叶交加碧,"[[""使"", 0.003889933228492737], [""拆"", 0.0037482529878616333], [""含"", 0.0033996421843767166], [""\"""", 0.0033437281381338835], [""骅"", 0.003068364690989256], [""墙"", 0.0030397106893360615], [""解"", 0.0028949365951120853], [""画"", 0.0028188989963382483], [""缘"", 0.0025942367501556873], [""但"", 0.002511936007067561]]","使、拆、含、""、骅"
796,桂 花,桂花,元,这首诗写的是由于桂花开放，而引起的故园之思。首联，写傍晚桂花开放，桂影映在窗帘上,"[[""参"", 0.005133084021508694], [""斜"", 0.003016718663275242], [""罢"", 0.0030108573846518993], [""阑"", 0.0023970080073922873], [""玉"", 0.0023864221293479204], [""低"", 0.002386355772614479], [""干"", 0.002373193623498082], [""晓"", 0.002111610025167465], [""摇"", 0.0020477962680161], [""貌"", 0.0020429855212569237]]",参、斜、罢、阑、玉
850,九 日,菊花,明,“每逢佳节倍思亲”，这是世代人们的普遍心理。而诗人离乡日久，亲友阻隔，则未免意不,"[[""倍"", 0.0023444441612809896], [""应"", 0.002317648846656084], [""重"", 0.002310527954250574], [""岁"", 0.0020807269029319286], [""洒"", 0.0020709685049951077], [""却"", 0.0019358792342245579], [""均"", 0.0019137915223836899], [""幽"", 0.0018843323923647404], [""年"", 0.0018753070617094636], [""故"", 0.0018244223902001977]]",倍、应、重、岁、洒
793,咏 桂,桂花,唐,此首《李太白全集》列在《咏槿二首》题下，《文苑英华》等本作《咏桂二首》。实则前首,"[[""\"""", 0.0050025200471282005], [""攀"", 0.003338621463626623], [""咏"", 0.0030646168161183596], [""截"", 0.003059896407648921], [""属"", 0.002961411839351058], [""争"", 0.0028571225702762604], [""许"", 0.0028097257018089294], [""桂"", 0.002644140040501952], [""等"", 0.0026111220940947533], [""窘"", 0.0024950711522251368]]","""、攀、咏、截、属"
792,春桂问答二首,桂花,唐,春来了，万物复苏，百花斗艳。在千姿万态的花卉中，最浓艳、最惹人注目的，莫过于桃李,"[[""常"", 0.0039390320889651775], [""\"""", 0.003524327650666237], [""久"", 0.0028412770479917526], [""华"", 0.002768315840512514], [""视"", 0.002636611694470048], [""秘"", 0.0025678114034235477], [""青"", 0.002488609403371811], [""南"", 0.0023535569198429585], [""矣"", 0.002327638678252697], [""如"", 0.002206468489021063]]","常、""、久、华、视"
813,霜天晓角,桂花,宋,这是首咏物抒怀的词作。 上片赞美桂花的“香与韵、两清洁”。 开头两句，以“绿云”,"[[""护"", 0.004073621239513159], [""\"""", 0.003123789094388485], [""词"", 0.0028228573501110077], [""剪"", 0.002411260735243559], [""低"", 0.0023616687394678593], [""借"", 0.002308811526745558], [""垄"", 0.0021132314577698708], [""以"", 0.0021064383909106255], [""懋"", 0.002080743433907628], [""中"", 0.002076550619676709]]","护、""、词、剪、低"
839,墨菊二首(其二),菊花,明,这是一首题画诗。按照---般写法，当由阐发画意人手，而本作不然，首先涌人诗人毫楮,"[[""堪"", 0.003780391765758395], [""\"""", 0.0029547130689024925], [""尚"", 0.0026293080300092697], [""画"", 0.0024692746810615063], [""怪"", 0.0024659549817442894], [""其"", 0.0022383490577340126], [""书"", 0.002196121960878372], [""歇"", 0.0021845614537596703], [""骨"", 0.002167103812098503], [""论"", 0.0020466833375394344]]","堪、""、尚、画、怪"
903,绛都春,雁来红,清,这首词先从他物写起，慢慢将笔墨转向吟咏对象，艺术构思上颇为巧妙。开篇即云：“芳丛,"[[""高"", 0.003880290314555168], [""槛"", 0.0036561761517077684], [""带"", 0.0034643406979739666], [""绳"", 0.002953585935756564], [""围"", 0.002780720591545105], [""画"", 0.0026967651210725307], [""曲"", 0.002182628959417343], [""成"", 0.0021164289209991693], [""红"", 0.0020980120170861483], [""线"", 0.002076517092064023]]",高、槛、带、绳、围
840,采菊篇,菊花,南朝梁,"梁简文帝萧纲，尝自称""七岁有诗癖，长而不倦”，主张""文章且须放荡。(《诫当阳公大","[[""精"", 0.0029372810386121273], [""\"""", 0.002838819520547986], [""都"", 0.0024506431072950363], [""治"", 0.002427436178550124], [""轻"", 0.0023477072827517986], [""尝"", 0.002239459892734885], [""诫"", 0.00221625086851418], [""珠"", 0.0022083709482103586], [""丽"", 0.002091469243168831], [""日"", 0.002033272758126259]]","精、""、都、治、轻"
899,南乡子,菊花,宋,满园菊花盛开，使词人情怀振作，豪兴大发，立即偕同友人“携壶上翠微”。这里，以景语,"[[""-"", 0.002782731782644987], [""怨"", 0.002275461331009865], [""微"", 0.002189087914302945], [""携"", 0.002145633567124605], [""枝"", 0.0020338776521384716], [""空"", 0.0020293393172323704], [""语"", 0.002020652871578932], [""日"", 0.002002764493227005], [""萧"", 0.0019969907589256763], [""响"", 0.0018986727809533477]]",-、怨、微、携、枝
841,山园草间菊数枝开，席地独酌,菊花,宋,为人们所乐道的菊花，它出现在不同诗人的笔下，便呈现出不同的感情色彩。在本诗中，一,"[[""藉"", 0.00253534154035151], [""\"""", 0.002475596498697996], [""金"", 0.00245110597461462], [""枝"", 0.002384271938353777], [""小"", 0.0022575785405933857], [""长"", 0.0022389960940927267], [""出"", 0.0021848552860319614], [""曾"", 0.0020549430046230555], [""草"", 0.0020217308774590492], [""篱"", 0.0019777955021709204]]","藉、""、金、枝、小"
837,菊 花,菊花,宋,此诗原以小序代题，云：“陶渊明云：‘三径就荒，松菊犹存。(按：见《归去来兮辞》),"[[""兮"", 0.003658489091321826], [""端"", 0.0032484782859683037], [""纪"", 0.003038139780983329], [""坠"", 0.002841563895344734], [""以"", 0.0027345851995050907], [""配"", 0.0025694710202515125], [""操"", 0.0025044414214789867], [""拟"", 0.0024918215349316597], [""寒"", 0.002350896131247282], [""餐"", 0.002277810126543045]]",兮、端、纪、坠、以
843,万年厉员外宅赏残菊,菊花,唐,"重阳节，正是菊花盛开之时，孟浩然有“待到重阳日，还来就菊花""(《过故人庄>)的名","[[""将"", 0.0027793599292635918], [""经"", 0.0025298641994595528], [""重"", 0.0024779115337878466], [""晚"", 0.0024666793178766966], [""惋"", 0.002415795810520649], [""销"", 0.0023427335545420647], [""即"", 0.002333597280085087], [""过"", 0.002192100742831826], [""怜"", 0.0020799636840820312], [""色"", 0.002060802187770605]]",将、经、重、晚、惋
847,八月二十八日子容过对菊,菊花,明,沈德符<万历野获编>载有一首<四喜>诗，谓：“久旱逢甘雨，他乡遇故知，洞房花烛夜,"[[""便"", 0.002475957851856947], [""喜"", 0.0024198272731155157], [""联"", 0.0023835906758904457], [""四"", 0.002105900552123785], [""多"", 0.002012907760217786], [""应"", 0.001820130506530404], [""军"", 0.0017787831602618098], [""怜"", 0.0017730854451656342], [""则"", 0.0017324164509773254], [""共"", 0.0017020171508193016]]",便、喜、联、四、多
835,舟上采菊,菊花,宋,波平如镜，水流无声，空中冷月将银辉慷慨地洒向水面。月明，水静，风轻，舟孤，作品开,"[[""若"", 0.0035691517405211926], [""演"", 0.0026658298447728157], [""漾"", 0.0025351624935865402], [""便"", 0.002256956184282899], [""采"", 0.0021799649111926556], [""分"", 0.002169004175812006], [""容"", 0.0019657963421195745], [""貌"", 0.0019609611481428146], [""共"", 0.001954228850081563], [""下"", 0.0018675659084692597]]",若、演、漾、便、采
898,鹪鸪天,菊花,宋,"高濂《遵生八笺·燕闲清赏笺》，将桃花菊列为“菊之名品""。以其艳若桃花，为历代人们","[[""解"", 0.003676643595099449], [""\"""", 0.0035088034346699715], [""重"", 0.002879041712731123], [""红"", 0.0027697556652128696], [""喜"", 0.0026798113249242306], [""种"", 0.002458239207044244], [""闲"", 0.0023590088821947575], [""色"", 0.0023002251982688904], [""见"", 0.0022706002928316593], [""咏"", 0.002189001766964793]]","解、""、重、红、喜"
834,饮 酒（其五）,菊花,晋,此还有真意， 欲辨已忘言。 本诗开头称“结庐在人境”，按照一般人写法，接下来便是,"[[""偏"", 0.003442108863964677], [""静"", 0.0028641223907470703], [""言"", 0.0026368414983153343], ["">"", 0.002420976758003235], [""酌"", 0.002414490794762969], [""避"", 0.0023998236283659935], [""此"", 0.002290117321535945], [""平"", 0.00228498550131917], [""给"", 0.002100115641951561], [""忘"", 0.002031249227002263]]",偏、静、言、>、酌
833,和郭主簿二首(其二),菊花,晋,本篇写秋景肃杀，却从春雨和润写起，春、秋对比，见出节令变化之速。“和泽”谓雨水调,"[[""周"", 0.0026686391793191433], [""-"", 0.002665834967046976], [""逸"", 0.002614343538880348], [""游"", 0.0025343969464302063], [""开"", 0.0025245037395507097], [""和"", 0.0022424531634896994], [""陵"", 0.0021770866587758064], [""泽"", 0.0021517998538911343], [""冠"", 0.0021144491620361805], [""岑"", 0.0021093906834721565]]",周、-、逸、游、开
900,小桃红,菊花,清,小桃红菊花，以菊色似桃红而得名。作者又特意选取{小桃红>词牌与之关合，调名与题目,"[[""调"", 0.0030487990006804466], [""天"", 0.003022089134901762], [""美"", 0.0023961986880749464], [""相"", 0.002152148401364684], [""照"", 0.002118730917572975], [""源"", 0.0021174217108637094], [""猩"", 0.0021111348178237677], [""颂"", 0.00210774689912796], [""词"", 0.0020172942895442247], [""便"", 0.0020048453006893396]]",调、天、美、相、照
895,阮郎归,菊花,清,此花开后更无花，问谁偏爱些？忆从九日伴陶家，诗人今尚夸。 堪酿酒，佐烹茶，餐英古,"[[""-"", 0.002768110018223524], [""杀"", 0.002480046357959509], [""尚"", 0.002451464766636491], [""片"", 0.0022824453189969063], [""留"", 0.002186083234846592], [""中"", 0.0021082498133182526], [""弘"", 0.002084197709336877], [""至"", 0.0020624366588890553], [""意"", 0.002048992784693837], [""此"", 0.0019988196436315775]]",-、杀、尚、片、留
897,鹧鸪天,菊花,宋,秋菊带雾含霜冲晓寒而怒放的画面，本词以“破晓寒”展现，首句便奇崛警拔，出语不凡。,"[[""秋"", 0.00246777618303895], [""干"", 0.002464103512465954], [""把"", 0.002364661544561386], [""而"", 0.002212372375652194], [""簪"", 0.0021505719050765038], [""效"", 0.0020274415146559477], [""破"", 0.0019456739537417889], [""寒"", 0.0018578995950520039], [""便"", 0.0018283163662999868], [""加"", 0.0018159935716539621]]",秋、干、把、而、簪
896,卖花声,菊花,清,这首咏菊词的小序，大致点明了词的作意。当时，人们普遍喜爱的是色彩绚烂(纷红骇绿，,"[[""\"""", 0.006468497216701508], [""犀"", 0.0037833387032151222], [""尾"", 0.003590908832848072], [""纷"", 0.0028230478055775166], [""东"", 0.0026886931154876947], [""西"", 0.0022887105587869883], [""貌"", 0.0022010430693626404], [""青"", 0.0020780956838279963], [""同"", 0.002048368100076914], [""挥"", 0.0019955995958298445]]","""、犀、尾、纷、东"
943,如梦令,野菊,宋,这首小词，一开始便写出野菊的超逸情态。野菊为多年生草本，茎直立，高约三尺。以“亭,"[[""便"", 0.0024553434923291206], [""反"", 0.002105345716699958], [""东"", 0.00200809258967638], [""采"", 0.0019675944931805134], [""放"", 0.0017454340122640133], [""孤"", 0.0016972115263342857], [""显"", 0.0016711183125153184], [""仍"", 0.0016687163151800632], [""否"", 0.0016509584384039044], [""含"", 0.001621017698198557]]",便、反、东、采、放
938,野菊座主闲闲公命作,野菊,金,陶渊明曾满手把菊，痛饮菊丛，这给“殿岁夺春华”的秋菊平添了一段佳话。渊明为浔阳柴,"[[""横"", 0.0039052627980709076], [""教"", 0.003870539367198944], [""荒"", 0.0031069889664649963], [""共"", 0.002818767912685871], [""断"", 0.0024007519241422415], [""争"", 0.002351135481148958], [""畦"", 0.0023356364108622074], [""也"", 0.0023054922930896282], [""藉"", 0.002177335787564516], [""便"", 0.002108185086399317]]",横、教、荒、共、断
939,野菊再奉座主闲闲公命作,野菊,金,本作意在赋菊，却不拘泥于菊，开头便荡开笔势，真实地描绘出万木凋零、平野草枯的暮秋,"[[""却"", 0.00296404049731791], [""兮"", 0.0028620476368814707], [""遇"", 0.0023401575163006783], [""独"", 0.002288672374561429], [""晚"", 0.0022749267518520355], [""餐"", 0.002181644318625331], [""出"", 0.002155574969947338], [""坠"", 0.0020784889347851276], [""故"", 0.0020556494127959013], [""状"", 0.0020085894502699375]]",却、兮、遇、独、晚
934,叹庭前甘菊花,甘菊,唐,，杜甫诗中以专题咏花，这首诗可以说是最早的一首。前此，杜集中的写景之作，只是把花,"[[""日"", 0.003774855053052306], [""集"", 0.0027955854311585426], [""庭"", 0.002600681036710739], [""仕"", 0.0025134847965091467], [""异"", 0.002505294745787978], [""诗"", 0.0023800821509212255], [""悲"", 0.002226430457085371], [""犹"", 0.0022065304219722748], [""未"", 0.0020876722410321236], [""专"", 0.0020022625103592873]]",日、集、庭、仕、异
933,咏甘菊,甘菊,宋,杭州古属越国之地。越山，指杭州一带的山。晚唐释处默在(圣果寺>诗中写道：“到江吴,"[[""细"", 0.003780210390686989], [""晚"", 0.002660452388226986], [""多"", 0.0023609118070453405], [""隔"", 0.002223200863227248], [""到"", 0.002174800494685769], [""谤"", 0.0019688387401401997], [""肌"", 0.0019649863243103027], [""愈"", 0.0019213189370930195], [""触"", 0.0018642181530594826], [""处"", 0.0018574052955955267]]",细、晚、多、隔、到
932,酷相思,木芙蓉,清,“--簇花光楼角倚”。劈头句，描绘出一幅木芙蓉盛开的景象。楼旁一角，木芙蓉正在开,"[[""倚"", 0.004057297017425299], [""正"", 0.003949756268411875], [""帶"", 0.0037426678463816643], [""递"", 0.0032507446594536304], [""渐"", 0.002932008821517229], [""落"", 0.0028601568192243576], [""簇"", 0.0025753946974873543], [""先"", 0.002424772595986724], [""角"", 0.0023197405971586704], [""酣"", 0.0022737523540854454]]",倚、正、帶、递、渐
905,茶轩为陈惟寅赋,雁来红,明,道衍是明初的著名僧人，即明成祖朱棣的心腹谋臣姚广孝。此诗系为其友陈汝秩(字惟寅),"[[""秩"", 0.0028219264931976795], [""道"", 0.002149228472262621], [""几"", 0.00209217076189816], [""衍"", 0.00202009454369545], [""树"", 0.0020012487657368183], [""从"", 0.0019024551147595048], [""汝"", 0.0018367577577009797], [""观"", 0.0018283771350979805], [""理"", 0.0018246783874928951], [""待"", 0.0017726367805153131]]",秩、道、几、衍、树
906,茶轩为陈惟寅赋,雁来红,宋,神宗初年，苏轼任殿中丞直史馆判官告院，两次上书批评新法，熙宁四年（1071)，有,"[[""辙"", 0.00418038759380579], [""恨"", 0.003728433046489954], [""干"", 0.003131878562271595], [""联"", 0.0030992086976766586], [""共"", 0.003007695311680436], [""序"", 0.00290573388338089], [""日"", 0.002766661811619997], [""健"", 0.0025797407142817974], [""守"", 0.0025017117150127888], [""颇"", 0.0024796989746391773]]",辙、恨、干、联、共
909,邵伯梵行寺山茶,山茶,宋,这是诗人游览江都县北邵伯镇的梵行寺时写下的记游之作。游庙逛寺的人或烧香礼佛、或求,"[[""逛"", 0.0024180253967642784], [""至"", 0.0021026390604674816], [""栽"", 0.0018806738080456853], [""把"", 0.0017291062977164984], [""到"", 0.0017222778405994177], [""都"", 0.0016665211878716946], [""游"", 0.0016266738530248404], [""阿"", 0.0016172475880011916], [""或"", 0.001611113897524774], [""无"", 0.0015559010207653046]]",逛、至、栽、把、到
915,木兰花慢,山茶花,清,山茶花是·种名贵花卉。我国以云南茶花最著名。山茶花有多种颜色，本篇写的是红山茶花,"[[""爱"", 0.00447231438010931], [""权"", 0.003867968451231718], [""虬"", 0.0037300926633179188], [""谱"", 0.0034391924273222685], [""第"", 0.0029945741407573223], [""重"", 0.002973319962620735], [""笑"", 0.00284051476046443], [""枝"", 0.002760120667517185], [""认"", 0.0027339975349605083], [""-"", 0.0025759199634194374]]",爱、权、虬、谱、第
917,王伯扬所藏赵昌芙蓉,木芙蓉,宋,这是一首题画诗。苏轼曾有一首七绝咏过木芙蓉：“千林扫作--番黄，只有芙蓉独自芳。,"[[""\"""", 0.0035354788415133953], [""宜"", 0.0034906012006103992], [""书"", 0.0034806581679731607], [""清"", 0.003074393142014742], [""拒"", 0.002822232898324728], [""番"", 0.002807329874485731], [""霜"", 0.002798910718411207], [""拂"", 0.0024381172843277454], [""昌"", 0.0024166004732251167], [""称"", 0.0023892621975392103]]","""、宜、书、清、拒"
919,芙蓉,木芙蓉,明,“芙蓉”就是长满了木芙蓉的水边。沂pān，同泮，水涯。这首五言律诗，以咏木芙蓉写,"[[""\"""", 0.004423442296683788], [""同"", 0.0041971406899392605], [""花"", 0.003143872134387493], [""傲"", 0.003037692978978157], [""照"", 0.0030340494122356176], [""独"", 0.0027590286917984486], [""拒"", 0.0027055577374994755], [""霜"", 0.002539708511903882], [""偏"", 0.00252661039121449], [""摇"", 0.002400440163910389]]","""、同、花、傲、照"
925,芙 蓉,木芙蓉,宋,“年年岁岁花相似，岁岁年年人不同”，这是唐代诗人刘希夷的名句。因花而感叹人生，这,"[[""\"""", 0.004695230163633823], [""聊"", 0.0032091557513922453], [""照"", 0.0024437536485493183], [""憔"", 0.0024263940285891294], [""闲"", 0.0024089659564197063], [""真"", 0.0022668889723718166], [""因"", 0.002141537144780159], [""更"", 0.0020780800841748714], [""成"", 0.0020347449462860823], [""红"", 0.00195507425814867]]","""、聊、照、憔、闲"
931,婆罗门引,木芙蓉,宋,陈藏一《话腴>:“赵昂总管始肆业临安府学，因无聊赖，遂脱儒冠从禁弁，升御前应对。,"[[""意"", 0.003773665288463235], [""诏"", 0.003465325105935335], [""构"", 0.003081445349380374], [""等"", 0.0029558565001934767], [""抢"", 0.0027337672654539347], [""缀"", 0.0026718461886048317], [""弁"", 0.0026622386649250984], [""春"", 0.0026466213166713715], [""呈"", 0.0024176014121621847], [""拒"", 0.002355319680646062]]",意、诏、构、等、抢
937,野菊,野菊,唐,《野菊》这首七律就是诗人的藉菊喻人以抒发他的忧愁和怨愤的力作。既典型地描绘了处于,"[[""坞"", 0.0035108039155602455], [""椒"", 0.0027001630514860153], [""律"", 0.0025103946682065725], [""涧"", 0.0021410405170172453], [""-"", 0.0019111268920823932], [""于"", 0.001868212129920721], [""底"", 0.0018339614616706967], [""联"", 0.0018311257008463144], [""低"", 0.001728341681882739], [""寸"", 0.001693954924121499]]",坞、椒、律、涧、-
926,窗前木芙蓉,木芙蓉,宋,窗前一枝木芙蓉破寒而放，引起了诗人无限的感慨。诗人作客异地，心情悲酸，望着窗外的,"[[""拒"", 0.0028090467676520348], [""怨"", 0.0026221871376037598], [""酸"", 0.002583023626357317], [""此"", 0.0025340041611343622], [""得"", 0.002495852764695883], [""当"", 0.0022598300129175186], [""\"""", 0.002250404329970479], [""更"", 0.002020028652623296], [""悲"", 0.0019475262379273772], [""神"", 0.001942710718140006]]",拒、怨、酸、此、得
954,题红梅,红梅,明,和尚访问西湖处士林和靖遗址，由梅树之稀疏顿生吊古伤今之叹，遂命笔成此七绝一首。 ,"[[""合"", 0.008424708619713783], [""'"", 0.0036806361749768257], [""\"""", 0.0033365581184625626], [""望"", 0.003155919024720788], [""本"", 0.0031256366055458784], [""和"", 0.0028985971584916115], [""旗"", 0.002863547531887889], [""藓"", 0.002827914897352457], [""帘"", 0.0027637018356472254], [""尚"", 0.0026066291611641645]]","合、'、""、望、本"
960,定风波,红梅,宋,苏轼贬官黄州期间，曾写过《红梅>一律。其诗云：“怕愁贪睡独开迟，自恐冰容不入时。,"[[""独"", 0.0035019079223275185], [""老"", 0.0031400967855006456], [""贪"", 0.003102897899225354], [""层"", 0.0023740765172988176], [""迟"", 0.0022906630765646696], [""敷"", 0.002267630072310567], [""脸"", 0.0022640638053417206], [""姿"", 0.0022578604985028505], [""慵"", 0.002155083930119872], [""容"", 0.0021159909665584564]]",独、老、贪、层、迟
959,小重山,红梅,宋,这是姜白石留居潭州(在今之湖南长沙--带)期间歌咏红梅的一首佳作。词分上下两片。,"[[""新"", 0.0030403207056224346], [""带"", 0.0028780922293663025], [""篇"", 0.0028068223036825657], [""鸟"", 0.0024455052334815264], [""度"", 0.002229405101388693], [""事"", 0.0022167882416397333], [""蒙"", 0.0022079211194068193], [""西"", 0.0021815660875290632], [""即"", 0.002166767604649067], [""思"", 0.0021112964022904634]]",新、带、篇、鸟、度
956,留春 令,红梅,宋,高观国，字宾王，号竹屋。山阴(今浙江绍兴)人。著《竹屋痴语》一卷。《云韶集》认为,"[[""堕"", 0.0046850405633449554], [""词"", 0.002911363262683153], [""赠"", 0.0028351328801363707], [""香"", 0.0027702641673386097], [""痴"", 0.0027580743189901114], [""馆"", 0.0027364722918719053], [""消"", 0.002694128779694438], [""娃"", 0.0024943347088992596], [""吹"", 0.0024790202733129263], [""独"", 0.0023664464242756367]]",堕、词、赠、香、痴
957,玉楼春,红梅,宋,毛滂，字泽民，北宋江山(今属浙江)人。清人陈廷焯以为其词“意境不深，间有雅调”。,"[[""\"""", 0.0035003842785954475], [""元"", 0.0028972073923796415], [""伫"", 0.0027771522291004658], [""端"", 0.0027067200280725956], [""淡"", 0.002557991072535515], [""毛"", 0.002474355511367321], [""词"", 0.002441236050799489], [""妒"", 0.0024275192990899086], [""层"", 0.0024175201542675495], [""晕"", 0.002309619914740324]]","""、元、伫、端、淡"
944,红 梅,红梅,宋,这是全诗基调，又是全诗题旨。面对如此名花，面对如此风月良宵，风雅的主人别具怀抱，,"[[""度"", 0.003207481699064374], [""晓"", 0.00239148479886353], [""于"", 0.0023385852109640837], [""塞"", 0.0021900723222643137], [""绛"", 0.002153018955141306], [""止"", 0.002110495697706938], [""听"", 0.0020951456390321255], [""洗"", 0.002082855673506856], [""钞"", 0.002072505187243223], [""映"", 0.0019410011591389775]]",度、晓、于、塞、绛
945,岭上红梅,红梅,宋,岭，指大庾岭，为粵赣之分野。古又有台岭、东峤等称。汉武帝时，传有将军姓庾者曾于岭,"[[""台"", 0.003776541445404291], [""\"""", 0.003532635746523738], [""梅"", 0.002586235525086522], [""峤"", 0.0025525870732963085], [""日"", 0.002548583783209324], [""足"", 0.0023907427676022053], ["">"", 0.002318897284567356], [""庾"", 0.00228360784240067], [""岭"", 0.0022511084098368883], [""幽"", 0.0022349888458848]]","台、""、梅、峤、日"
946,红 梅,红梅,宋,梅尧臣这首五言律诗，自溪畔梅花写起，中经一番描叙，最后落到自己所要表达的意愿上，,"[[""层"", 0.004032684490084648], [""接"", 0.003889643121510744], [""邻"", 0.003529831301420927], [""舍"", 0.003094604704529047], [""杂"", 0.0026030370499938726], [""樱"", 0.0025507411919534206], [""写"", 0.0025276090018451214], [""曲"", 0.0024431918282061815], [""同"", 0.0024042301811277866], [""说"", 0.002222334034740925]]",层、接、邻、舍、杂
947,红 梅,红梅,宋,苏轼这首诗咏的是红梅，而-般咏梅诗大多是咏白梅，因为白色的梅花象征高洁不俗，红梅,"[[""认"", 0.00369854224845767], [""-"", 0.0032494128681719303], [""已"", 0.002510723192244768], [""替"", 0.0024607141967862844], [""无"", 0.0024284382816404104], [""本"", 0.0019705365411937237], [""寒"", 0.0019336059922352433], [""即"", 0.001910171820782125], [""般"", 0.0018776357173919678], [""心"", 0.0018589224200695753]]",认、-、已、替、无
958,蝶恋花,红梅,宋,真德秀(1178一1235)，初字景元，旋易字景希。南宋浦城(今福建之县) 人。,"[[""言"", 0.004391326569020748], [""层"", 0.003441273234784603], [""-"", 0.002914515556767583], [""吐"", 0.0027775538619607687], [""误"", 0.002714472124353051], [""种"", 0.002663914579898119], [""类"", 0.0025685131549835205], [""半"", 0.0024765406269580126], [""近"", 0.002413609065115452], [""片"", 0.0023243313189595938]]",言、层、-、吐、误
949,红 梅,红梅,明,清初钱谦益《列朝诗集小传》称黄肃“字子邕，新城人。元季官礼部主事，自北平来见，上,"[[""隐"", 0.002790503902360797], [""秀"", 0.0025668565649539232], [""至"", 0.0025561030488461256], [""上"", 0.0024613577406853437], [""日"", 0.0023309404496103525], [""词"", 0.0022194189950823784], [""情"", 0.0021820187103003263], [""口"", 0.0021402190905064344], [""借"", 0.0021386961452662945], [""在"", 0.0021060174331068993]]",隐、秀、至、上、日
951,红梅四首(其一),红梅,元,王冕此诗第一首山眼前梅花联想到罗浮山梅，诗篇即围绕罗浮山梅而展开。罗浮山纵横二百,"[[""观"", 0.0027176407165825367], [""窗"", 0.0026271874085068703], [""紫"", 0.002601518062874675], [""吻"", 0.0025729183107614517], [""苔"", 0.0024847425520420074], [""径"", 0.0024358821101486683], [""般"", 0.002355752047151327], [""啄"", 0.002217242494225502], [""指"", 0.0021796461660414934], [""之"", 0.002158299321308732]]",观、窗、紫、吻、苔
948,红 梅,红梅,宋,清人钱泳言：“咏物诗最难工，太切题则粘皮带骨，不切题则捕风捉影，须在不即不离之间,"[[""\"""", 0.00664580287411809], [""题"", 0.003248948138207197], [""即"", 0.0030075982213020325], [""切"", 0.0025779027491807938], [""非"", 0.002548924880102277], [""绝"", 0.002538333646953106], [""太"", 0.0023055346682667732], [""潮"", 0.002189654391258955], [""输"", 0.002025596797466278], [""冲"", 0.001975128659978509]]","""、题、即、切、非"
955,种红梅一株于竹下赋此,红梅,清,这首咏梅之作，词采清丽，构思风趣而奇特。毕竟是龚定庵之作，出手不凡。本来不怕严寒,"[[""棱"", 0.0037229713052511215], [""静"", 0.003479250241070986], [""龙"", 0.003112238831818104], [""状"", 0.002514307852834463], ["":"", 0.002478152047842741], [""筍"", 0.0024725848343223333], [""袅"", 0.002397076226770878], [""名"", 0.0023730495013296604], [""碧"", 0.0023344382643699646], [""写"", 0.002298647304996848]]",棱、静、龙、状、:
953,题延平刘郎中廷信所藏红梅,红梅,明,诗题中的“延平”系明代地方行政机构——府的名称，治南平，即今之福建南平市。郎中，,"[[""滨"", 0.004251774866133928], [""忌"", 0.003159365151077509], [""浅"", 0.003034780966117978], [""花"", 0.0024398001842200756], [""艳"", 0.0024277663324028254], [""妒"", 0.002409745007753372], [""梅"", 0.0022940514609217644], [""郎"", 0.0021665256936103106], [""如"", 0.0021356651559472084], [""司"", 0.0020470265299081802]]",滨、忌、浅、花、艳
952,红梅四首(其二),红梅,元,诗人在“西湖处士”家痛饮，喝得酩酊大醉。“西湖处士”原指北宋著名诗人林逋，隐居西,"[[""合"", 0.004369412548840046], [""断"", 0.0032316711731255054], [""知"", 0.003174522193148732], [""香"", 0.0027953502722084522], [""种"", 0.002653810428455472], [""穿"", 0.0023409726563841105], [""中"", 0.002321492647752166], [""粉"", 0.0022104184608906507], [""丛"", 0.002161383628845215], [""志"", 0.002068836474791169]]",合、断、知、香、种
974,水 仙,水仙花,明,文征明的这首咏水仙诗不同于一般人写水仙，他用一段凄艳的故事来勾画水仙的多情与哀伤,"[[""斑"", 0.0024716125335544348], [""殉"", 0.002424375619739294], [""伤"", 0.0021854168735444546], [""祠"", 0.0021447238977998495], [""侵"", 0.0021178144961595535], [""尽"", 0.002010930795222521], [""妃"", 0.00199188943952322], [""微"", 0.0019820835441350937], [""投"", 0.0019557024352252483], [""之"", 0.001939426059834659]]",斑、殉、伤、祠、侵
999,西江月,瑞香,宋,这首词是东坡在杭州知州任上时的作品。当时福州路转运判官曹辅权(字子方)回京过杭，,"[[""观"", 0.003359905444085598], [""酷"", 0.0022723698057234287], [""智"", 0.002196182031184435], [""异"", 0.0021709678694605827], [""中"", 0.0021143632475286722], [""词"", 0.001989115262404084], [""起"", 0.0019365878542885184], [""用"", 0.001909656566567719], [""那"", 0.001816073665395379], [""如"", 0.0018138412851840258]]",观、酷、智、异、中
997,咏瑞香,瑞香,宋,诗人以真挚丰富的感情和女子细腻幽深的心理体验，精细刻划了瑞香花的艳姿娇态，表达出,"[[""初"", 0.0026805384550243616], [""著"", 0.0025198841467499733], [""令"", 0.002157800365239382], [""妆"", 0.0021496708504855633], [""诗"", 0.002072081435471773], [""好"", 0.0020349672995507717], [""蹙"", 0.001882903277873993], [""那"", 0.0018083169125020504], [""带"", 0.0018049858044832945], [""东"", 0.0017472200561314821]]",初、著、令、妆、诗
996,瑞香花新开(五首之一),瑞香,宋,瑞香花向有“花中祥瑞”的美称，它色彩艳丽，芳香酷烈，深受赏花人的喜爱。杨万里的这,"[[""三"", 0.0028085759840905666], [""著"", 0.002761101583018899], [""索"", 0.0024867127649486065], [""旋"", 0.0021691261790692806], [""裁"", 0.0021661038044840097], [""两"", 0.0020878463983535767], [""被"", 0.001920397742651403], [""森"", 0.0018738167127594352], [""中"", 0.0018687285482883453], [""喜"", 0.001853744499385357]]",三、著、索、旋、裁
995,瑞香花,瑞香,宋,在冰雪残存、余寒未消的冬春之交，在幽深隐曲的庭院内室，瑞香花悄悄地喷芳吐艳了。光,"[[""被"", 0.0035852203145623207], [""叠"", 0.002729972591623664], [""笼"", 0.0024210233241319656], [""闭"", 0.0020947307348251343], [""紫"", 0.001981151755899191], [""曲"", 0.0018856313545256853], [""中"", 0.0018766798311844468], [""诗"", 0.0018089597579091787], [""锦"", 0.0017349149566143751], [""破"", 0.0017344059888273478]]",被、叠、笼、闭、紫
961,王充道送水仙花五十枝,水仙花,宋,水仙，是素洁和美的象征。它形象高雅，娴静而秀美，体态娇袅，令人爱怜；然而，它的美,"[[""独"", 0.0024798589292913675], [""子"", 0.002282655332237482], [""新"", 0.0021395853254944086], [""魂"", 0.0020337365567684174], [""典"", 0.0019538176711648703], [""援"", 0.0019090923015028238], [""水"", 0.0018145223148167133], [""寒"", 0.0017571721691638231], [""染"", 0.0017457208596169949], [""美"", 0.0017285274807363749]]",独、子、新、魂、典
962,水仙花,水仙花,宋,名家写景状物自有他独到的视角，独特的见解。同是咏水仙，同样写它的孤独与高标幽洁，,"[[""绝"", 0.0024363030679523945], [""倔"", 0.0023676459677517414], [""以"", 0.002236999338492751], [""川"", 0.0021265805698931217], [""杀"", 0.0021187022794038057], [""一"", 0.0021061492152512074], [""清"", 0.0020138302352279425], [""畔"", 0.0018467287300154567], [""见"", 0.0018329668091610074], [""名"", 0.0018058058340102434]]",绝、倔、以、川、杀
987,戏咏蜡梅二首,蜡梅,宋,第一首写蜡梅含苞未放。严冬方过，春寒犹烈，蜡梅枝上生出点点金黄的蓓蕾，透露着盎然,"[[""讲"", 0.0031883884221315384], [""恼"", 0.0030644251964986324], [""\"""", 0.003059671027585864], [""雄"", 0.0022012414410710335], [""生"", 0.0020886771380901337], [""写"", 0.0020233597606420517], [""腺"", 0.0020163303706794977], [""下"", 0.001963288988918066], [""锁"", 0.0019591767340898514], [""放"", 0.001895982539281249]]","讲、恼、""、雄、生"
985,蜡梅一首贈赵景貺,蜡梅,宋,这首诗写于元祐六年(1091)，时苏轼正任颖州知州。赵令時，字景貺，当时为签判颖,"[[""\"""", 0.0034194786567240953], [""酥"", 0.0028195008635520935], [""口"", 0.002488945610821247], [""采"", 0.0023606426548212767], [""磬"", 0.0023257422726601362], [""景"", 0.002254621358588338], [""次"", 0.0021972856484353542], [""心"", 0.002168230712413788], [""言"", 0.002078480087220669], [""黄"", 0.002066501649096608]]","""、酥、口、采、磬"
986,荀秀才送蜡梅十枝奇甚为赋此诗,蜡梅,宋,荀秀才，未详。从诗题及诗意来看，这首诗乃专咏壶中所插之蜡梅。 范成大有<范村梅谱,"[[""'"", 0.005895579233765602], [""欺"", 0.0027258137706667185], [""谱"", 0.0026573205832391977], [""顾"", 0.002591259777545929], [""乃"", 0.0025755083188414574], [""读"", 0.0024314159527420998], [""贮"", 0.002368827350437641], [""黄"", 0.0023684846237301826], [""大"", 0.0023680354934185743], [""藏"", 0.002360263606533408]]",'、欺、谱、顾、乃
984,贺新郎,水仙花,宋,"首句“云卧衣裳冷""，下手便写出水仙神态，用的是杜甫<游龙门奉先寺>成句，卧云空翠","[[""-"", 0.0036699469201266766], [""袜"", 0.0035406495444476604], [""解"", 0.003047190373763442], [""微"", 0.002930328482761979], [""挑"", 0.0029064451809972525], [""空"", 0.002888112561777234], [""生"", 0.002672153292223811], [""\"""", 0.0026338635943830013], [""与"", 0.002482519019395113], [""记"", 0.0024515651166439056]]",-、袜、解、微、挑
983,庆宫春,水仙花,宋,“岁华相误，记前度湘皋怨别。哀弦重听，都是凄凉，未须弹彻。”用有关湘妃的传说，再,"[[""\"""", 0.0037672435864806175], [""别"", 0.0033647967502474785], [""误"", 0.003012041561305523], [""边"", 0.0027043165173381567], [""度"", 0.0026408247649669647], [""听"", 0.0025122605729848146], [""记"", 0.0025044288486242294], [""特"", 0.0023074334021657705], [""怨"", 0.002184072509407997], [""哀"", 0.0021341971587389708]]","""、别、误、边、度"
982,金人捧露盘,水仙花,宋,这是首咏物寄意的词。 上片以湘水女仙、洛水女神比喻水仙之美姿。 开头三句造语不凡,"[[""轻"", 0.0035230200737714767], [""整"", 0.0034100201446563005], [""\"""", 0.003319251351058483], [""弱"", 0.003162471344694495], [""铢"", 0.0030987001955509186], [""心"", 0.0027983514592051506], [""极"", 0.002372311195358634], [""步"", 0.0022433653939515352], [""衣"", 0.0021331729367375374], [""月"", 0.0021043315064162016]]","轻、整、""、弱、铢"
979,菩萨蛮,水仙花,宋,这首小词实际上是借写水仙花而起兴的。上片它简炼地写了水仙花的情态，而在下片则借题,"[[""枝"", 0.0025790571235120296], [""悠"", 0.002523614326491952], [""煞"", 0.0024452595971524715], [""已"", 0.0022142655216157436], [""苦"", 0.002183616627007723], [""似"", 0.0021622891072183847], [""同"", 0.0020724378991872072], [""黄"", 0.002051436575129628], [""相"", 0.0020373298320919275], [""须"", 0.002010996686294675]]",枝、悠、煞、已、苦
975,水仙花,水仙,清,古希腊流传这样一个动人的神话：水仙花原是河神的儿子、一位美少年变成的。这位美少年,"[[""言"", 0.002709287917241454], [""条"", 0.002264268696308136], [""回"", 0.0021557884756475687], [""兴"", 0.0021217288449406624], [""倒"", 0.002110736910253763], [""萧"", 0.002101699821650982], [""盛"", 0.00196224357932806], [""澧"", 0.0019410110544413328], [""影"", 0.0019140576478093863], [""伍"", 0.001769453752785921]]",言、条、回、兴、倒
966,水仙花,水仙花,宋,这是一首十分清丽而又具有鲜明的画面特征的小诗。尽管起首平平，但结语非凡，特别是它,"[[""藐"", 0.0029746019281446934], [""它"", 0.0021258045453578234], [""姑"", 0.002116651041433215], [""用"", 0.0020585276652127504], [""霭"", 0.002050005132332444], [""后"", 0.0019371305825188756], [""绝"", 0.0018432828364893794], [""射"", 0.0018106475472450256], [""夜"", 0.0017884501721709967], [""好"", 0.0017813429003581405]]",藐、它、姑、用、霭
