ID,诗名,花名,朝代,月份,正文_preview,top10_tokens,top5_preview
2,咏梅花,梅花,南朝梁,正月,"可怜阶下梅， 飘荡逐风回。
度帘拂罗幌， 萦窗落梳台。
乍随","[[""愁"", 0.10162023454904556], [""帘"", 0.04979073628783226], [""幌"", 0.04516179859638214], [""梳"", 0.03736458718776703], [""窗"", 0.029851112514734268], [""梅"", 0.029847322031855583], [""怜"", 0.028824811801314354], [""眉"", 0.028243372216820717], [""罗"", 0.026887081563472748], [""飘"", 0.023429371416568756]]",愁、帘、幌、梳、窗
154,沁园春,虞美人,宋,正月,天造梅花，有许孤高，有许芬芳。似湘娥凝望，敛君山黛；明妃远嫁,"[[""寒"", 0.03648388385772705], [""节"", 0.0203934907913208], [""黛"", 0.017944898456335068], [""香"", 0.016950193792581558], [""芬"", 0.0167414341121912], [""旄"", 0.016548728570342064], [""山"", 0.015788599848747253], [""日"", 0.015265549533069134], [""羌"", 0.013276413083076477], [""茅"", 0.011764264665544033]]",寒、节、黛、香、芬
150,疏 影,虞美人,宋,正月,琼妃卧月。任素裳瘦损，罗带重结。石径春寒，碧藓参差，相思曾步,"[[""寒"", 0.03769121691584587], [""藓"", 0.02501320280134678], [""云"", 0.02129673957824707], [""清"", 0.020952360704541206], [""月"", 0.01903403177857399], [""茸"", 0.01804158091545105], [""香"", 0.017895400524139404], [""娉"", 0.016761278733611107], [""虬"", 0.014740917831659317], [""棹"", 0.014102492481470108]]",寒、藓、云、清、月
149,疏 影,虞美人,宋,正月,苔枝缀玉，有翠禽小小，枝上同宿。客里相逢，篱角黄昏，无言自倚,"[[""蛾"", 0.04995625093579292], [""佩"", 0.04771748185157776], [""翠"", 0.04203995317220688], [""苔"", 0.023179294541478157], [""沙"", 0.022063689306378365], [""怨"", 0.020047586411237717], [""篱"", 0.019983608275651932], [""角"", 0.019140444695949554], [""绿"", 0.018609507009387016], [""香"", 0.016855215653777122]]",蛾、佩、翠、苔、沙
146,一尊红,虞美人,元,正月,玉堂深。正重帘护暝，窗色试新晴。苔暖鳞生，泥融脉起，春意初破,"[[""寒"", 0.02022075094282627], [""一"", 0.013086197897791862], [""冷"", 0.012008060701191425], [""露"", 0.011897146701812744], [""月"", 0.011711888946592808], [""帘"", 0.011044085025787354], [""笛"", 0.01054555457085371], [""香"", 0.010436397977173328], [""暖"", 0.010424355044960976], [""苔"", 0.01007104106247425]]",寒、一、冷、露、月
140,汉宫春,虞美人,宋,正月,潇洒江梅，向竹梢疏处，横两三枝。东君也不爱惜，雪压霜欺。无情,"[[""寒"", 0.03437640517950058], [""云"", 0.024202942848205566], [""霜"", 0.02205909974873066], [""堂"", 0.017359623685479164], [""月"", 0.01730860024690628], [""梅"", 0.01660235971212387], [""花"", 0.015796752646565437], [""香"", 0.014920512214303017], [""竹"", 0.01469209510833025], [""塞"", 0.014246497303247452]]",寒、云、霜、堂、月
137,江梅引,虞美人,金,正月,汉宫娇额倦涂黄。试新妆，立昭阳。萼绿仙姿，高髻碧罗裳。翠袖卷,"[[""鸿"", 0.018090851604938507], [""月"", 0.01778213493525982], [""霜"", 0.016073085367679596], [""烟"", 0.01606460101902485], [""云"", 0.015849601477384567], [""粟"", 0.015399585478007793], [""渺"", 0.01441185362637043], [""绿"", 0.01420407835394144], [""清"", 0.014164301566779613], [""竹"", 0.0141128646209836]]",鸿、月、霜、烟、云
136,孤雁儿,虞美人,宋,正月,"世人作梅词，下笔便俗。予试作一篇，乃知前言不妄耳。
藤床纸帐","[[""泪"", 0.043382756412029266], [""笛"", 0.02384086698293686], [""雨"", 0.022931363433599472], [""寒"", 0.022740419954061508], [""炉"", 0.020097315311431885], [""箫"", 0.017051929607987404], [""枝"", 0.0158454030752182], [""帐"", 0.013955882750451565], [""风"", 0.01105096098035574], [""耳"", 0.010070787742733955]]",泪、笛、雨、寒、炉
135,渔家傲,虞美人,宋,正月,雪月照梅溪畔路，幽姿背立无言语。冷侵瘦枝清浅处。香暗度，妆成,"[[""溪"", 0.061998263001441956], [""花"", 0.04629920795559883], [""云"", 0.03469780087471008], [""玉"", 0.03396854177117348], [""清"", 0.02956915833055973], [""士"", 0.028162434697151184], [""瘦"", 0.024671614170074463], [""枝"", 0.024436576291918755], [""楚"", 0.02420932427048683], [""画"", 0.020514946430921555]]",溪、花、云、玉、清
127,朝中措,梅花,宋,正月,幽姿不入少年场，无语只凄凉。一个飘零身世，十分冷淡心肠。 江,"[[""管"", 0.0391155369579792], [""心"", 0.023518871515989304], [""月"", 0.022235991433262825], [""凉"", 0.021996159106492996], [""旧"", 0.02065298520028591], [""香"", 0.020079193636775017], [""任"", 0.019060466438531876], [""幽"", 0.018392305821180344], [""零"", 0.01788647100329399], [""姿"", 0.017249219119548798]]",管、心、月、凉、旧
155,贺新郎,虞美人,宋,正月,乔木生云气，访中兴、英雄陈迹，暗追前事。战舰东风慳借便，梦断,"[[""寒"", 0.024708302691578865], [""苔"", 0.024396972730755806], [""云"", 0.019384080544114113], [""泪"", 0.01925095170736313], [""浪"", 0.018360517919063568], [""木"", 0.017761334776878357], [""竹"", 0.01552480086684227], [""露"", 0.015430377796292305], [""舰"", 0.012761627323925495], [""梅"", 0.012575069442391396]]",寒、苔、云、泪、浪
355,东风第一枝,棠梨花,清,正月,麦陇残寒，桑阴碎雨，酿成一片花意。买春谁散金钱，媚晚竟铺绣绮,"[[""烟"", 0.04916683956980705], [""苔"", 0.036182500422000885], [""凤"", 0.021648384630680084], [""寒"", 0.01947888918220997], [""蝶"", 0.018735479563474655], [""阳"", 0.018538059666752815], [""靴"", 0.01837240718305111], [""桑"", 0.018281614407896996], [""园"", 0.01787513494491577], [""心"", 0.017582105472683907]]",烟、苔、凤、寒、蝶
157,代迎春花招刘郎中,迎春花,唐,正月,"幸与松筠相近栽， 不随桃李一时开。
杏园岂敢妨君去， 未有花","[[""松"", 0.13437792658805847], [""筠"", 0.0963233932852745], [""花"", 0.060962844640016556], [""园"", 0.04504062235355377], [""敢"", 0.03745665401220322], [""看"", 0.031867530196905136], [""李"", 0.03170197084546089], [""有"", 0.02973858080804348], [""妨"", 0.028834041208028793], [""与"", 0.025833753868937492]]",松、筠、花、园、敢
5,和秦太虚梅花,梅花,宋,正月,"西湖居士骨应槁， 只有此诗君压倒。
东坡先生心已灰， 为爱君","[[""江"", 0.04429846629500389], [""山"", 0.041368938982486725], [""坡"", 0.0301129799336195], [""裙"", 0.028301198035478592], [""花"", 0.024152016267180443], [""心"", 0.0209797415882349], [""马"", 0.018759846687316895], [""腰"", 0.01850288175046444], [""孤"", 0.01750326156616211], [""湖"", 0.015308357775211334]]",江、山、坡、裙、花
6,十一月二十六日，松风亭下梅花盛开，,梅花,宋,正月,"春风岭上淮南村， 昔年梅花曾断魂。
岂知流落复相见， 蛮风蟹","[[""浦"", 0.02687920816242695], [""蕊"", 0.02610711380839348], [""松"", 0.02548580802977085], [""愁"", 0.023733502253890038], [""花"", 0.023322392255067825], [""云"", 0.022477973252534866], [""淮"", 0.020095206797122955], [""荔"", 0.019792186096310616], [""桄"", 0.018006308004260063], [""棘"", 0.017470989376306534]]",浦、蕊、松、愁、花
7,再用前韵,梅花,宋,正月,"罗浮山下梅花村， 玉雪为骨冰为魂。
纷纷初疑月挂树， 耿耿独","[[""洒"", 0.05159910023212433], [""蕊"", 0.037495702505111694], [""园"", 0.035282060503959656], [""门"", 0.033091045916080475], [""山"", 0.02887781150639057], [""桑"", 0.02516036666929722], [""莱"", 0.020930446684360504], [""清"", 0.01970113255083561], [""绿"", 0.018660757690668106], [""花"", 0.017726413905620575]]",洒、蕊、园、门、山
12,十一月中旬扶风界见梅花,梅花,唐,正月,"匝路亭亭艳，非时裛袞香。
素娥惟与月，青女不饶霜。
赠远虚盈","[[""霜"", 0.05151167884469032], [""亭"", 0.03539998456835747], [""香"", 0.035086967051029205], [""青"", 0.034180302172899246], [""月"", 0.03295016661286354], [""娥"", 0.029592685401439667], [""女"", 0.02601529099047184], [""伤"", 0.025607191026210785], [""路"", 0.025357184931635857], [""肠"", 0.024707121774554253]]",霜、亭、香、青、月
202,赏海棠三绝,樱桃花,宋,二月,"芳春随分到贫家， 儿女多情惜岁华。
聊为海棠修故事， 去年灯","[[""棠"", 0.043172240257263184], [""瓶"", 0.038738153874874115], [""露"", 0.03434576094150543], [""烛"", 0.030004369094967842], [""寒"", 0.027041632682085037], [""宣"", 0.025719815865159035], [""风"", 0.023672033101320267], [""海"", 0.02156592532992363], [""花"", 0.02145332656800747], [""插"", 0.020733749493956566]]",棠、瓶、露、烛、寒
179,折海棠戏赠圣俞,樱桃花,宋,二月,"摇摇墙头花， 笑笑弄颜色。
荒凉众草间， 露此红的蛛。
草木","[[""陵"", 0.05049638822674751], [""花"", 0.04269890859723091], [""墙"", 0.03367064148187637], [""露"", 0.027570217847824097], [""摇"", 0.022549860179424286], [""笑"", 0.018763842061161995], [""浪"", 0.01875172182917595], [""哦"", 0.018618060275912285], [""蛛"", 0.017785780131816864], [""红"", 0.01686183549463749]]",陵、花、墙、露、摇
181,寓居定惠院之东，杂花溝山，有海棠一株，土人不知贵也,樱桃花,宋,二月,"江城地瘴蕃草木， 只有名花苦幽独。
嫣然一笑竹篱间， 桃李漫","[[""翠"", 0.03938740864396095], [""泪"", 0.03437327593564987], [""城"", 0.02924608252942562], [""盘"", 0.02071772888302803], [""李"", 0.01729336567223072], [""江"", 0.016942521557211876], [""晕"", 0.015892473980784416], [""花"", 0.012801251374185085], [""门"", 0.012726062908768654], [""林"", 0.01225410494953394]]",翠、泪、城、盘、李
182,张园海棠,樱桃花,宋,二月,"洛阳春信久不通， 姚魏开落尘沙中。
扬州千叶昔曾见， 已叹造","[[""池"", 0.029246261343359947], [""棠"", 0.02413678914308548], [""沙"", 0.021997306495904922], [""云"", 0.021356338635087013], [""蜂"", 0.02081325091421604], [""飞"", 0.019502708688378334], [""台"", 0.018664725124835968], [""州"", 0.017949167639017105], [""叶"", 0.017877832055091858], [""园"", 0.015597480349242687]]",池、棠、沙、云、蜂
183,海棠歌,樱桃花,宋,二月,"我初入蜀鬓未霜， 南充樊亭看海棠。
当时已谓目未睹， 岂知更","[[""花"", 0.03368675708770752], [""霜"", 0.03190844878554344], [""雨"", 0.031232262030243874], [""寒"", 0.02957308478653431], [""棠"", 0.02373763546347618], [""风"", 0.02243412286043167], [""枝"", 0.02093575708568096], [""碧"", 0.02006646804511547], [""梦"", 0.01819484494626522], [""海"", 0.018181465566158295]]",花、霜、雨、寒、棠
185,海 棠,樱桃花,宋,二月,"朱栏明媚照横塘， 芳树交加枕短墙。
传得东君深意态， 染成西","[[""翠"", 0.019116858020424843], [""河"", 0.01787983812391758], [""香"", 0.01671409420669079], [""露"", 0.016638534143567085], [""栏"", 0.015187849290668964], [""龙"", 0.014460374601185322], [""怨"", 0.01367640495300293], [""啼"", 0.013380513526499271], [""佩"", 0.012361724860966206], [""红"", 0.012288697995245457]]",翠、河、香、露、栏
187,海棠,樱桃花,宋,二月,幽姿淑态弄春晴， 梅借风流柳借轻。种处静宜临野水， 开时长是,"[[""帐"", 0.06877236813306808], [""水"", 0.04635056480765343], [""梅"", 0.03673241659998894], [""香"", 0.03586596995592117], [""风"", 0.03434674069285393], [""脂"", 0.030230065807700157], [""含"", 0.02703399397432804], [""柳"", 0.02700367569923401], [""拂"", 0.02668771520256996], [""雨"", 0.02640257030725479]]",帐、水、梅、香、风
211,黄海棠,樱桃花,金,二月,"轻如红豆排冰雪， 一拂新鹅色更奇。
不觉浓阴破明玉， .有情","[[""阴"", 0.06493820995092392], [""明"", 0.0557953342795372], [""豆"", 0.05577801540493965], [""离"", 0.05459035560488701], [""色"", 0.046208739280700684], [""雪"", 0.044505774974823], [""红"", 0.037104591727256775], [""情"", 0.03570660948753357], [""拂"", 0.03507542982697487], [""浓"", 0.03487193584442139]]",阴、明、豆、离、色
218,如梦令,樱桃花,宋,二月,昨夜雨疏风骤，浓睡不消残酒。试问卷帘人，却道海棠依旧。知否？,"[[""帘"", 0.12746016681194305], [""海"", 0.04048333689570427], [""雨"", 0.037727225571870804], [""骤"", 0.0293175857514143], [""道"", 0.028982730582356453], [""棠"", 0.025086434558033943], [""肥"", 0.025081489235162735], [""人"", 0.02215050347149372], [""夜"", 0.021862540394067764], [""绿"", 0.02135472185909748]]",帘、海、雨、骤、道
224,宴清都,樱桃花,宋,二月,绣幄鸳鸯柱。红情密，腻云低护秦树。芳根鹪倚，花梢钿合，锦屏人,"[[""股"", 0.025655878707766533], [""灯"", 0.02021205611526966], [""根"", 0.01723078265786171], [""树"", 0.014823900535702705], [""滟"", 0.014559113420546055], [""蜡"", 0.014198724180459976], [""露"", 0.012943116948008537], [""鬟"", 0.01284266822040081], [""梢"", 0.012811806052923203], [""秋"", 0.012749355286359787]]",股、灯、根、树、滟
221,南乡子,樱桃花,宋,二月,十月小春天，红叶红花半雨烟。点滴红酥真耐冷；争先，夺取梅魂斗,"[[""鹰"", 0.03147237375378609], [""酥"", 0.02152675949037075], [""枝"", 0.02133096568286419], [""雨"", 0.016221843659877777], [""飞"", 0.015282364562153816], [""葛"", 0.014891095459461212], [""叶"", 0.013905460946261883], [""眠"", 0.013155924156308174], [""花"", 0.012969624251127243], [""春"", 0.012648210860788822]]",鹰、酥、枝、雨、飞
223,二月二十四夜饮海棠下作,樱桃花,宋,二月,·老子年来，颇自许、心肠铁石。尚一点、消磨未尽，爱花成癖。懊,"[[""烛"", 0.024779900908470154], [""云"", 0.02452261745929718], [""寒"", 0.02261028066277504], [""日"", 0.019127702340483665], [""心"", 0.01679432950913906], [""雨"", 0.01417002733796835], [""烈"", 0.013244093395769596], [""院"", 0.012697064317762852], [""几"", 0.01265410054475069], [""杜"", 0.012086626142263412]]",烛、云、寒、日、心
225,摸鱼儿,樱桃花,宋,二月,甚春来、冷烟凄雨，朝朝迟了芳信？蓦然作暖晴三日，又觉万姝娇困,"[[""烟"", 0.03808867558836937], [""城"", 0.027664367109537125], [""雨"", 0.02615835890173912], [""苔"", 0.02411564812064171], [""霜"", 0.015638550743460655], [""墙"", 0.015149428509175777], [""春"", 0.014810585416853428], [""飞"", 0.014393352903425694], [""鬓"", 0.014153952710330486], [""脂"", 0.013957208022475243]]",烟、城、雨、苔、霜
226,风雨看舟前落花戏为新句,桃花,唐,二月,"江上人家桃树枝， 春寒细雨入疏篱。
影遭碧水潜勾引， 风妒红","[[""桃"", 0.030638718977570534], [""蜜"", 0.02818663790822029], [""花"", 0.027547309175133705], [""江"", 0.027455998584628105], [""碧"", 0.02487364038825035], [""沙"", 0.023253781720995903], [""蝴"", 0.021577483043074608], [""飞"", 0.019573131576180458], [""蝶"", 0.018926281481981277], [""蜂"", 0.018831834197044373]]",桃、蜜、花、江、碧
227,绯桃花歌,桃花,唐,二月,"上帝春官思丽绝， 夭桃变态求新悦。
便是花中倾国容， 牡丹泫","[[""宫"", 0.008584121242165565], [""阿"", 0.008428131230175495], [""刘"", 0.007533642463386059], [""斤"", 0.006775017827749252], [""赋"", 0.006460255011916161], [""车"", 0.0063711777329444885], [""反"", 0.00628464063629508], [""碾"", 0.0059350887313485146], [""黄"", 0.005658014677464962], [""牡"", 0.005409145727753639]]",宫、阿、刘、斤、赋
219,如梦令,樱桃花,宋,二月,江上绿杨芳草，想见故园春好。一洞海棠花，昨夜梦魂飞绕。惊晓，,"[[""花"", 0.07325731217861176], [""棠"", 0.06314986944198608], [""窗"", 0.043728675693273544], [""草"", 0.03654181957244873], [""啼"", 0.03535625711083412], [""杨"", 0.03238028287887573], [""梦"", 0.02880103513598442], [""园"", 0.028176480904221535], [""飞"", 0.027998248115181923], [""江"", 0.024678360670804977]]",花、棠、窗、草、啼
495,柳花词三首,杨花,唐,三月,"开从绿条上， 散逐香风远。
.故取花落时， 悠扬占春晚。轻飞","[[""飞"", 0.029410064220428467], [""舞"", 0.02557559311389923], [""香"", 0.018055180087685585], [""条"", 0.01744273118674755], [""落"", 0.017373783513903618], [""送"", 0.016361961141228676], [""家"", 0.01626821793615818], [""故"", 0.016267407685518265], [""天"", 0.015689725056290627], [""轻"", 0.015631644055247307]]",飞、舞、香、条、落
406,水龙吟,牡丹,宋,三月,晓寒慵揭珠帘，牡丹院落花开未？玉栏干畔，柳丝一把，和风半倚。,"[[""竹"", 0.037548892199993134], [""寒"", 0.02898458018898964], [""水"", 0.026856377720832825], [""柳"", 0.025593575090169907], [""落"", 0.020887063816189766], [""帘"", 0.016873085871338844], [""香"", 0.016318311914801598], [""牡"", 0.016286717727780342], [""半"", 0.015289803966879845], [""繁"", 0.014736786484718323]]",竹、寒、水、柳、落
481,喜迁莺,虞美人,元,三月,东风吹尽。但一片绿阴，空留春恨。后土祠荒，飞琼谪久，还喜玉容,"[[""峰"", 0.06246359646320343], [""绿"", 0.04833801090717316], [""水"", 0.037828363478183746], [""蜂"", 0.02890053763985634], [""脂"", 0.020639849826693535], [""月"", 0.01895129680633545], [""香"", 0.01770460233092308], [""片"", 0.01743651181459427], [""酒"", 0.015337183140218258], [""折"", 0.013646683655679226]]",峰、绿、水、蜂、脂
388,惜牡丹花,牡丹,唐,三月,"惆帐阶前红牡丹， 晚来唯有两枝残。
明朝风起应吹尽， 夜惜衰","[[""火"", 0.08921317756175995], [""阶"", 0.06947842240333557], [""红"", 0.06918786466121674], [""帐"", 0.05557597428560257], [""吹"", 0.05462044104933739], [""枝"", 0.04764986038208008], [""风"", 0.044686757028102875], [""起"", 0.037250954657793045], [""丹"", 0.03676481917500496], [""牡"", 0.028436515480279922]]",火、阶、红、帐、吹
369,牡 丹,牡丹,唐,三月,"锦韩初卷卫夫人， 绣被犹堆越鄂君。
垂手乱翻雕玉佩， 折腰争","[[""炉"", 0.06776916235685349], [""梦"", 0.06239134073257446], [""叶"", 0.05316024273633957], [""香"", 0.04496750608086586], [""金"", 0.03588559478521347], [""云"", 0.03370639309287071], [""佩"", 0.026881638914346695], [""裙"", 0.024971749633550644], [""荀"", 0.024908458814024925], [""书"", 0.022611001506447792]]",炉、梦、叶、香、金
363,远公亭牡丹,牡丹,唐,三月,"雁门禅客吟春亭， 牡丹独逞花中英。
双成腻脸偎云屏， 百般姿","[[""江"", 0.07243448495864868], [""荣"", 0.026580333709716797], [""笙"", 0.019536469131708145], [""蜂"", 0.017485469579696655], [""蝶"", 0.015753120183944702], [""雨"", 0.013709270395338535], [""愁"", 0.013440226204693317], [""歌"", 0.013319057412445545], [""飞"", 0.013172343373298645], [""粘"", 0.012877630069851875]]",江、荣、笙、蜂、蝶
470,金沙花,金沙,宋,三月,"双松树子碧团園 红锦缠头白锦冠。
尽放花枝过墙去， 不妨分与","[[""松"", 0.10919737815856934], [""树"", 0.05560740828514099], [""花"", 0.05038725957274437], [""子"", 0.04619429260492325], [""枝"", 0.03849340230226517], [""墙"", 0.03834814578294754], [""路"", 0.0339227020740509], [""冠"", 0.03195016458630562], [""碧"", 0.030727462843060493], [""锦"", 0.030716080218553543]]",松、树、花、子、枝
465,玲珑四犯,蔷薇,宋,三月,一架幽芳，自过了梅花，独占清绝。露叶檀心，香·满万条晴雪。肌,"[[""雨"", 0.024004654958844185], [""香"", 0.02161051705479622], [""月"", 0.01979675330221653], [""牡"", 0.019169306382536888], [""犹"", 0.01857844553887844], [""节"", 0.018420197069644928], [""蕤"", 0.017456967383623123], [""酒"", 0.01670418679714203], [""架"", 0.014712000265717506], [""花"", 0.014363094232976437]]",雨、香、月、牡、犹
505,如梦,杨花,清,三月,岂是绣绒残吐？卷起半帘香雾。纤手自括来， 空使鹃啼燕妒。且住,"[[""绒"", 0.06272725760936737], [""香"", 0.062288425862789154], [""帘"", 0.05289355292916298], [""岂"", 0.0528004914522171], [""雾"", 0.04186369106173515], [""鹃"", 0.04077574238181114], [""春"", 0.036432117223739624], [""妒"", 0.03148078918457031], [""莫"", 0.029311662539839745], [""半"", 0.027421800419688225]]",绒、香、帘、岂、雾
472,后土庙琼花诗二首,琼花,宋,三月,扬州后土庙有花一株，洁白可爱，且其树大而花繁，不知实何木也。,"[[""花"", 0.05781925842165947], [""松"", 0.03860064595937729], [""涧"", 0.03683752194046974], [""土"", 0.030739009380340576], [""州"", 0.026720276102423668], [""娥"", 0.022583769634366035], [""枝"", 0.020764660090208054], [""霜"", 0.02072363719344139], [""云"", 0.01930573210120201], [""柯"", 0.01924649067223072]]",花、松、涧、土、州
466,贺新郎,蔷薇,宋,三月,曾与瑶姬约。恍相逢、翠裳摇曳，珠蒱联络。风露青冥非人世，揽结,"[[""雨"", 0.018939625471830368], [""酢"", 0.01873650774359703], [""茉"", 0.01796392910182476], [""烛"", 0.017219500616192818], [""翠"", 0.016581101343035698], [""箫"", 0.015451138839125633], [""露"", 0.015357885509729385], [""晴"", 0.015297599136829376], [""声"", 0.014139104634523392], [""衫"", 0.012968271970748901]]",雨、酢、茉、烛、翠
440,六 丑,蔷薇,宋,三月,正单衣试酒，帐客里、光阴虚掷。愿春暂留，春归如过翼，一去无迹,"[[""香"", 0.02378309704363346], [""柳"", 0.021390287205576897], [""碧"", 0.01725568249821663], [""蜂"", 0.017158476635813713], [""酒"", 0.01654682867228985], [""雨"", 0.014939474873244762], [""钗"", 0.014366228133440018], [""风"", 0.0140083534643054], [""桃"", 0.013034925796091557], [""春"", 0.01283335406333208]]",香、柳、碧、蜂、酒
479,扬州慢,虞美人,宋,三月,琼花，唯扬州后土殿前一本。比聚八仙大率相类，而不同者有三：琼,"[[""竹"", 0.0235438235104084], [""香"", 0.015625124797225], [""花"", 0.01060580089688301], [""枝"", 0.010301686823368073], [""愁"", 0.010240192525088787], [""冷"", 0.009741904214024544], [""雨"", 0.009313543327152729], [""叶"", 0.009197302162647247], [""烟"", 0.00871153175830841], [""蕊"", 0.007623216602951288]]",竹、香、花、枝、愁
421,兰 花,兰花,清,三月,"九豌齐栽品独优， 最宜簪助美人头。
一从夫子临轩顾， 羞伍凡","[[""头"", 0.06183671951293945], [""豌"", 0.061010513454675674], [""轩"", 0.05353330820798874], [""九"", 0.04993509501218796], [""临"", 0.044567856937646866], [""栽"", 0.039895154535770416], [""簪"", 0.03976266086101532], [""子"", 0.03329768404364586], [""一"", 0.033078331500291824], [""斗"", 0.029044069349765778]]",头、豌、轩、九、临
512,声声慢,杨花,宋,三月,燕泥沾粉，鱼浪吹香，芳堤十里新晴。静惹游丝，花边裊袅扶春。多,"[[""雨"", 0.04732906445860863], [""雪"", 0.02736007049679756], [""浪"", 0.020731298252940178], [""月"", 0.01590767316520214], [""粉"", 0.015198481269180775], [""缀"", 0.014590931124985218], [""窗"", 0.013723640702664852], [""一"", 0.013263975270092487], [""泥"", 0.012900090776383877], [""挽"", 0.012187262065708637]]",雨、雪、浪、月、粉
515,水龙吟,杨花,宋,三月,似花还似非花，也无人惜从教坠。抛家傍路，思量却是，无情有思。,"[[""水"", 0.018776433542370796], [""又"", 0.010415961034595966], [""尘"", 0.010083570145070553], [""却"", 0.00973629392683506], [""里"", 0.009545750916004181], [""雨"", 0.008952467702329159], [""飞"", 0.008691012859344482], [""缀"", 0.008679716847836971], [""二"", 0.008433280512690544], [""池"", 0.008364984765648842]]",水、又、尘、却、里
516,水龙吟,杨花,明,三月,春闺忒恁愁人，已看尽落红翻坠。杨花更惨，连空映日，撩人情思。,"[[""蘋"", 0.01701914146542549], [""水"", 0.01640479639172554], [""荡"", 0.016282567754387856], [""泪"", 0.01199369877576828], [""辽"", 0.01195203885436058], [""雪"", 0.011777669191360474], [""城"", 0.011469963006675243], [""碎"", 0.011411994695663452], [""寻"", 0.011319858022034168], [""兰"", 0.010665010660886765]]",蘋、水、荡、泪、辽
521,木棉花歌,木棉花,清,三月,粵江二月三月天，千树万树朱花开。 有如尧射十日出沧海，更似魏,"[[""拟"", 0.019668690860271454], [""榴"", 0.01840512827038765], [""瑚"", 0.01825685426592827], [""气"", 0.01473681628704071], [""花"", 0.014654355123639107], [""炬"", 0.013927176594734192], [""风"", 0.013496597297489643], [""寒"", 0.012994599528610706], [""颜"", 0.012599949724972248], [""岭"", 0.012348128482699394]]",拟、榴、瑚、气、花
343,念奴娇,素馨,宋,四月,调冰弄雪，想花神清梦，徘徊南土。一夏天香收不起，付与蕊仙无语,"[[""轩"", 0.04193233326077461], [""茎"", 0.021819936111569405], [""云"", 0.021221283823251724], [""露"", 0.019922034814953804], [""愁"", 0.01849464513361454], [""帽"", 0.018459495157003403], [""蕊"", 0.017931940034031868], [""风"", 0.017379960045218468], [""川"", 0.016959430649876595], [""许"", 0.01675216108560562]]",轩、茎、云、露、愁
346,木 兰,木兰,宋,四月,"晓来随手抹新妆， 丰额蛾眉宫样黄。
铢衣洗就蔷薇露， 触处闻","[[""雪"", 0.03672041743993759], [""塘"", 0.03330265358090401], [""荷"", 0.028718335554003716], [""窗"", 0.027947070077061653], [""蔷"", 0.027883121743798256], [""松"", 0.02484709955751896], [""露"", 0.02290887013077736], [""夷"", 0.021731944754719734], [""霜"", 0.02143755927681923], [""香"", 0.018387963995337486]]",雪、塘、荷、窗、蔷
345,剪春罗,剪春罗,清,四月,二月春风机杼劳， 嫣红染就不胜娇。而今花样多翻覆， 劝尔留心,"[[""花"", 0.14133933186531067], [""心"", 0.0621676929295063], [""红"", 0.06205267086625099], [""嫣"", 0.04547586292028427], [""刀"", 0.04330935701727867], [""月"", 0.04266563057899475], [""娇"", 0.041174277663230896], [""春"", 0.03730381652712822], [""覆"", 0.036747630685567856], [""杼"", 0.035628072917461395]]",花、心、红、嫣、刀
339,绣 球,绣球,明,四月,"散作千花簇作团， 玲珑如琢巧如攒。
风来似欲拟明月， 好与三","[[""寒"", 0.03648323938250542], [""花"", 0.01215925719588995], [""杨"", 0.01055807713419199], [""香"", 0.008688341826200485], [""飞"", 0.00717591866850853], [""岭"", 0.006875921040773392], [""雌"", 0.006523044779896736], [""愁"", 0.006144892890006304], [""球"", 0.00531967356801033], [""叶"", 0.005132319871336222]]",寒、花、杨、香、飞
329,腊前月季,月季,宋,四月,"只道花无十日红， 此花无日不春风。
一尖已剥胭脂笔， 四破犹","[[""翠"", 0.04213995859026909], [""脂"", 0.04131031408905983], [""胭"", 0.027316495776176453], [""道"", 0.026218948885798454], [""包"", 0.024767450988292694], [""翡"", 0.02232370153069496], [""梅"", 0.020696263760328293], [""雪"", 0.02055373229086399], [""忘"", 0.019395390525460243], [""香"", 0.019177094101905823]]",翠、脂、胭、道、包
327,东风第一枝,玉兰,清,四月,细雨摶酥，好风搓粉，枝枝斜压阑槛。墙边无限玲珑，楼头许多掩冉,"[[""雨"", 0.02833886630833149], [""杏"", 0.020967204123735428], [""酥"", 0.020609308034181595], [""水"", 0.01918797940015793], [""蜂"", 0.017921481281518936], [""粉"", 0.017470715567469597], [""槛"", 0.017292145639657974], [""雾"", 0.015279601328074932], [""姿"", 0.014292800799012184], [""墙"", 0.013692921958863735]]",雨、杏、酥、水、蜂
321,梨 花,李花,元,四月,"渚宫花落雨霏霏， 春尽江南客未归。
多少东家蝴蝶梦， 相思并","[[""云"", 0.08945444971323013], [""花"", 0.07463441789150238], [""渚"", 0.07327619940042496], [""彩"", 0.051151957362890244], [""蝶"", 0.043145570904016495], [""雨"", 0.043102774769067764], [""梦"", 0.038439538329839706], [""家"", 0.03661526367068291], [""飞"", 0.03251267224550247], [""霏"", 0.027577117085456848]]",云、花、渚、彩、蝶
228,桃 花,桃花,明,四月,"神仙拥出蓬莱宫， 罗帷绣幕围香风。
云鬓绕绕梳翡翠， 顔滴滴","[[""香"", 0.031298331916332245], [""花"", 0.027906345203518867], [""桃"", 0.017544155940413475], [""半"", 0.017457708716392517], [""寒"", 0.015553385950624943], [""阳"", 0.014260873198509216], [""殊"", 0.013838877901434898], [""翠"", 0.01353466883301735], [""莲"", 0.013487868942320347], [""绣"", 0.012861589901149273]]",香、花、桃、半、寒
291,画堂春,杏花,明,四月,轻阴池馆水平桥， 一番弄雨花梢。微寒著处不胜娇，此际魂销。 ,"[[""门"", 0.040637072175741196], [""雨"", 0.03554997220635414], [""水"", 0.029271472245454788], [""粉"", 0.02897176332771778], [""花"", 0.028848595917224884], [""池"", 0.02686298079788685], [""梢"", 0.02510390244424343], [""香"", 0.02268064208328724], [""玉"", 0.02150597982108593], [""堤"", 0.01917610689997673]]",门、雨、水、粉、花
259,定风波,桃花,宋,四月,墙上夭桃簌簌红，巧随轻絮入帘拢。自是芳心贪结子，翻使、惜花人,"[[""帘"", 0.07770960032939911], [""露"", 0.0422552265226841], [""萼"", 0.03865803778171539], [""门"", 0.037875182926654816], [""水"", 0.029381968080997467], [""五"", 0.023447496816515923], [""武"", 0.02305447869002819], [""簌"", 0.02196679450571537], [""风"", 0.02155127190053463], [""结"", 0.019710147753357887]]",帘、露、萼、门、水
260,露 华,桃花,宋,四月,晚寒伫立，记铅轻黛浅，初认冰魂。紺罗衬玉，犹凝茸唾香痕。净洗,"[[""寒"", 0.020266922190785408], [""香"", 0.0201684832572937], [""色"", 0.018323544412851334], [""根"", 0.01816146820783615], [""茸"", 0.017698144540190697], [""燕"", 0.017687508836388588], [""雪"", 0.017599139362573624], [""月"", 0.0165715329349041], [""粉"", 0.015776334330439568], [""叶"", 0.015708742663264275]]",寒、香、色、根、茸
266,杏‘ 花,杏花,宋,四月,"石梁度空旷， 茅屋临清炯。
俯窥娇娆杏， 未觉身胜影。
嫣如","[[""井"", 0.1329478770494461], [""帐"", 0.10766278207302094], [""宫"", 0.0629245862364769], [""娇"", 0.03844205290079117], [""阳"", 0.035635605454444885], [""杏"", 0.03446236252784729], [""茅"", 0.03397563844919205], [""波"", 0.03385469317436218], [""清"", 0.02997809834778309], [""含"", 0.029915083199739456]]",井、帐、宫、娇、阳
255,潘岳爱桃,桃花,明,四月,"潘郎本自爱桃花， 种向河阳几万家。
也有长官如孟子， 还除花","[[""桑"", 0.12458579987287521], [""孟"", 0.0935932993888855], [""河"", 0.06485907733440399], [""麻"", 0.051989052444696426], [""桃"", 0.05177963152527809], [""花"", 0.05079278349876404], [""阳"", 0.04920462891459465], [""官"", 0.040761541575193405], [""潘"", 0.04003393277525902], [""有"", 0.022584792226552963]]",桑、孟、河、麻、桃
268,杏 花,杏花,唐,四月,"。居邻北郭古寺空， 杏花两株能白红。
曲江满园不可到， 看此","[[""雨"", 0.047301191836595535], [""枫"", 0.028396161273121834], [""榴"", 0.025300923734903336], [""黄"", 0.02280271425843239], [""猿"", 0.021943634375929832], [""山"", 0.021029606461524963], [""红"", 0.01828858070075512], [""蕊"", 0.01487711165100336], [""更"", 0.013141173869371414], [""钩"", 0.012224387377500534]]",雨、枫、榴、黄、猿
286,游园不值,杏花,宋,四月,"应嫌屐齿印苍苔， 十扣柴扉九不开。
春色满园关不住， 一枝红","[[""苔"", 0.09252458065748215], [""苍"", 0.08375032246112823], [""红"", 0.07042841613292694], [""春"", 0.055773407220840454], [""枝"", 0.052195820957422256], [""屐"", 0.05153654143214226], [""扉"", 0.04617103934288025], [""关"", 0.04525758698582649], [""杏"", 0.03865540400147438], [""色"", 0.0384681299328804]]",苔、苍、红、春、枝
542,浪淘沙,芍药,宋,四月,鶗鹪怨花残，谁道春阑？多情芍药待君看。浓淡晓妆新意态，独占西,"[[""山"", 0.05506092309951782], [""叶"", 0.04737107828259468], [""云"", 0.046836741268634796], [""园"", 0.03998873382806778], [""鶗"", 0.03871646523475647], [""鹪"", 0.034301821142435074], [""楼"", 0.026501011103391647], [""五"", 0.02475571073591709], [""月"", 0.02456236444413662], [""花"", 0.024086153134703636]]",山、叶、云、园、鶗
543,水龙吟,芍药,宋,四月,杜鹃啼老春红，翠阴满眼愁无奈。飞来何处，凤并鸾驭，霞裾云佩。,"[[""梢"", 0.023247193545103073], [""帽"", 0.023010695353150368], [""尊"", 0.020502742379903793], [""阳"", 0.019863728433847427], [""露"", 0.018437232822179794], [""裾"", 0.018279079347848892], [""鹃"", 0.017872389405965805], [""檐"", 0.01770440675318241], [""佩"", 0.017474792897701263], [""风"", 0.016564274206757545]]",梢、帽、尊、阳、露
544,望海潮,芍药,宋,四月,人间花老，天涯春去，扬州别是风光。红药万株，佳名千种，天然浩,"[[""江"", 0.023305602371692657], [""阳"", 0.01575438678264618], [""州"", 0.01534957718104124], [""观"", 0.01381197851151228], [""名"", 0.013794399797916412], [""洧"", 0.013790453784167767], [""花"", 0.013562118634581566], [""堂"", 0.011441167443990707], [""蕊"", 0.011114700697362423], [""屏"", 0.010380624793469906]]",江、阳、州、观、名
559,定风波,杜鹃,宋,四月,百紫千红过了春，杜鹃声苦不堪闻。却解啼教春小住。风雨，空山招,"[[""雨"", 0.04025571793317795], [""山"", 0.030716393142938614], [""血"", 0.026267345994710922], [""染"", 0.02540685422718525], [""风"", 0.019682353362441063], [""春"", 0.01761765219271183], [""红"", 0.017553238198161125], [""日"", 0.017400220036506653], [""解"", 0.016689736396074295], [""啼"", 0.01667734421789646]]",雨、山、血、染、风
564,赋虞美人草,虞美人,宋,四月,"夜阑浩歌起， 玉帐生悲风。
江东可千里， 弃妾蓬蒿中。
化石","[[""蒿"", 0.12611164152622223], [""夜"", 0.0790175125002861], [""江"", 0.05019334703683853], [""玉"", 0.044317420572042465], [""蓬"", 0.0423552468419075], [""妾"", 0.03399327024817467], [""望"", 0.031341105699539185], [""歌"", 0.028231153264641762], [""语"", 0.023345762863755226], [""草"", 0.02294890396296978]]",蒿、夜、江、玉、蓬
569,虞美人,虞美人,清,四月,君王意气尽江东， 贱妾何堪入汉宫！碧血化为江上草， 花开更比,"[[""花"", 0.1076011061668396], [""血"", 0.08778700232505798], [""鹃"", 0.08440061658620834], [""碧"", 0.0829392671585083], [""江"", 0.045974522829055786], [""气"", 0.04414292797446251], [""草"", 0.0410747192800045], [""红"", 0.03574645146727562], [""意"", 0.03108285181224346], [""汉"", 0.029270470142364502]]",花、血、鹃、碧、江
610,石竹花,石竹,宋,五月,真竹乃不花， 尔独艳暮春。何妨儿女眼， 谓尔胜霜筠。世无王子,"[[""花"", 0.08093680441379547], [""霜"", 0.05006740242242813], [""竹"", 0.0365445502102375], [""真"", 0.03183859959244728], [""王"", 0.024036873131990433], [""筠"", 0.02054869383573532], [""子"", 0.018336456269025803], [""暮"", 0.014253582805395126], [""眼"", 0.012966337613761425], [""不"", 0.012077662162482738]]",花、霜、竹、真、王
600,西园石榴开,榴花,宋,五月,"荒台野径共跻攀， 正见榴花出短垣。
绿叶晚莺啼处密， 红房初","[[""榴"", 0.04697846621274948], [""花"", 0.04382665455341339], [""垣"", 0.04144402965903282], [""台"", 0.03985695540904999], [""簟"", 0.03938082978129387], [""荒"", 0.03762422502040863], [""啼"", 0.029149143025279045], [""繁"", 0.027786828577518463], [""叶"", 0.027276352047920227], [""旌"", 0.02645265869796276]]",榴、花、垣、台、簟
595,咏邻女东窗海石榴,榴花,唐,五月,"鲁女东窗下， 海榴世所稀。
珊瑚映绿水， 未足比光辉。
清香","[[""榴"", 0.06254273653030396], [""瑚"", 0.05194096639752388], [""绿"", 0.0514749139547348], [""窗"", 0.04713030904531479], [""金"", 0.046347662806510925], [""鲁"", 0.03389301523566246], [""枝"", 0.03029887191951275], [""映"", 0.026631372049450874], [""香"", 0.02432025969028473], [""扉"", 0.021687651053071022]]",榴、瑚、绿、窗、金
596,赋园中所有,榴花,宋,五月,"堂后病石榴， 及时亦开花。
身病花不齐， 火候渐已差。
芳心","[[""堂"", 0.07585065066814423], [""邻"", 0.0629030242562294], [""榴"", 0.052311114966869354], [""萼"", 0.0381769984960556], [""瓜"", 0.03771448880434036], [""花"", 0.03084395080804825], [""娜"", 0.022410890087485313], [""子"", 0.020256873220205307], [""华"", 0.017032049596309662], [""槎"", 0.016938524320721626]]",堂、邻、榴、萼、瓜
597,榴 花,榴花,明,五月,"团团复亭亭， 园子巧相竟。
都下朝千盆， 花市此为盛。
我独","[[""盆"", 0.076121985912323], [""花"", 0.040780358016490936], [""绿"", 0.03372979536652565], [""亭"", 0.033432550728321075], [""市"", 0.03160948306322098], [""高"", 0.03018708899617195], [""园"", 0.02936663292348385], [""团"", 0.029188938438892365], [""名"", 0.026899177581071854], [""参"", 0.023552116006612778]]",盆、花、绿、亭、市
608,贺新郎,榴花,宋,五月,乳燕飞华屋，悄无人、桐阴转午，晚凉新浴。手弄生绡白团扇，扇手,"[[""帘"", 0.039866894483566284], [""燕"", 0.03192389756441116], [""蕊"", 0.02723831869661808], [""泪"", 0.024369940161705017], [""清"", 0.02098851278424263], [""榴"", 0.02057477831840515], [""户"", 0.018714912235736847], [""浪"", 0.018460966646671295], [""飞"", 0.01804562658071518], [""扇"", 0.015784841030836105]]",帘、燕、蕊、泪、清
598,榴 花,榴花,金,五月,"山茶赤黄桃绛白， 戎葵米囊不入格。
庭中忽见安石榴， 叹息花","[[""花"", 0.01458248496055603], [""山"", 0.012410571798682213], [""州"", 0.00980675034224987], [""方"", 0.008821167051792145], [""囊"", 0.008705426007509232], [""水"", 0.007690610829740763], [""赤"", 0.006647944916039705], [""种"", 0.006561168469488621], [""葵"", 0.006334844045341015], [""黄"", 0.0062002986669540405]]",花、山、州、方、囊
615,栀 子,栀子花,宋,五月,"一根曾寄小峰峦， 薝荀香清水影寒。
玉质自然无暑意， 更宜移","[[""峰"", 0.1349828988313675], [""薝"", 0.11430734395980835], [""影"", 0.07545552402734756], [""玉"", 0.06253542751073837], [""峦"", 0.059258025139570236], [""根"", 0.049469031393527985], [""暑"", 0.04786805063486099], [""寒"", 0.04020904749631882], [""香"", 0.039347290992736816], [""荀"", 0.03066287375986576]]",峰、薝、影、玉、峦
599,海 榴,榴花,唐,五月,"海榴开似火， 先解报春风。
叶乱裁笺绿， 花宜插髻红。
蜡珠","[[""榴"", 0.0831553265452385], [""笑"", 0.060362156480550766], [""火"", 0.031301166862249374], [""叶"", 0.028418496251106262], [""髻"", 0.025217458605766296], [""郑"", 0.024516571313142776], [""彩"", 0.02308218739926815], [""红"", 0.02295401133596897], [""绿"", 0.02280208095908165], [""蒂"", 0.021539859473705292]]",榴、笑、火、叶、髻
614,雨过山村,栀子花,唐,五月,"雨里鸡鸣一两家， 竹溪村路板桥斜。
妇姑相唤浴蚕去， 闲着中","[[""山"", 0.025379857048392296], [""关"", 0.01969815604388714], [""桑"", 0.01594766601920128], [""田"", 0.013885023072361946], [""唱"", 0.012619380839169025], [""鸣"", 0.01231138501316309], [""竹"", 0.01197017915546894], [""蚕"", 0.010073398239910603], [""征"", 0.00988201703876257], [""鸡"", 0.009226473048329353]]",山、关、桑、田、唱
601,榴 花,榴花,宋,五月,"窈窕安榴花， 乃是西邻树。
坠萼可怜人， 风吹落幽户。","[[""榴"", 0.2979802191257477], [""萼"", 0.12650905549526215], [""风"", 0.06042221933603287], [""邻"", 0.038462843745946884], [""花"", 0.03474409878253937], [""吹"", 0.03397214040160179], [""户"", 0.033248450607061386], [""西"", 0.03035629726946354], [""幽"", 0.029776964336633682], [""落"", 0.02801065519452095]]",榴、萼、风、邻、花
603,榴 花,榴花,唐,五月,"五月榴花照眼明， 枝间时见子初成。
可怜此地无车马， 颠倒青","[[""苔"", 0.15627986192703247], [""榴"", 0.07601290196180344], [""英"", 0.0673031210899353], [""车"", 0.06044594570994377], [""枝"", 0.05651139095425606], [""马"", 0.051603052765131], [""明"", 0.050817400217056274], [""花"", 0.04723851755261421], [""绛"", 0.042568933218717575], [""眼"", 0.03407980129122734]]",苔、榴、英、车、枝
607,庆清朝,榴花,宋,五月,玉局歌残，金陵句绝，年年负却薰风。西邻窈窕，独怜入户飞红。前,"[[""苔"", 0.01021464355289936], [""山"", 0.009757842868566513], [""蒂"", 0.00801936723291874], [""车"", 0.007210335228592157], [""榴"", 0.006698643788695335], [""飞"", 0.006295848172158003], [""花"", 0.00616227462887764], [""枝"", 0.006028118543326855], [""风"", 0.005960388109087944], [""叶"", 0.0056285010650753975]]",苔、山、蒂、车、榴
612,赋石竹,石竹,元,五月,"短篱新见出梢梢， 葱倩都无尺许高。
茜色芳葩工点缀， 莫教容","[[""蒿"", 0.07067982852458954], [""尺"", 0.05160631239414215], [""梢"", 0.04989517480134964], [""篱"", 0.044313136488199234], [""葱"", 0.04075914993882179], [""教"", 0.03460590913891792], [""混"", 0.03374030813574791], [""芳"", 0.03338354825973511], [""点"", 0.03118630312383175], [""蓬"", 0.030571237206459045]]",蒿、尺、梢、篱、葱
609,石竹咏,石竹,唐,五月,萎萋结绿枝， 煜煜垂朱英。常恐零露降， 不得全其生。叹息聊自,"[[""萋"", 0.029546314850449562], [""英"", 0.024452919140458107], [""朱"", 0.024068297818303108], [""露"", 0.02315736748278141], [""煜"", 0.022585563361644745], [""枝"", 0.018855106085538864], [""化"", 0.01606515794992447], [""绿"", 0.015455318614840508], [""情"", 0.0146656334400177], [""常"", 0.014101342298090458]]",萋、英、朱、露、煜
611,石竹花,石竹,宋,五月,春归幽谷始成丛， 地面芬敷浅浅红。车马不临谁见赏？ 可怜亦解,"[[""红"", 0.10139050334692001], [""谷"", 0.09233270585536957], [""车"", 0.08360964059829712], [""风"", 0.07869860529899597], [""丛"", 0.03989092633128166], [""浅"", 0.0378706119954586], [""春"", 0.036674562841653824], [""归"", 0.02840599976480007], [""幽"", 0.028374118730425835], [""马"", 0.025991743430495262]]",红、谷、车、风、丛
872,题菊花,菊花,唐,六月,"飒飒西风满院栽， 蕊寒香冷蝶难来。
他年我若为青帝， 报与桃","[[""风"", 0.14305797219276428], [""花"", 0.09498484432697296], [""蕊"", 0.06583046168088913], [""蝶"", 0.06077776104211807], [""寒"", 0.048444394022226334], [""帝"", 0.04844105243682861], [""青"", 0.04309256002306938], [""西"", 0.03873160108923912], [""桃"", 0.037978511303663254], [""院"", 0.03151245415210724]]",风、花、蕊、蝶、寒
663,白 莲,木芙蓉,唐,六月,"素花多蒙别艳欺， 此花端合在瑶池。
无情有恨何人见？ 月晓风","[[""池"", 0.08996209502220154], [""恨"", 0.07706288993358612], [""花"", 0.05542900413274765], [""堕"", 0.05205125734210014], [""情"", 0.05172291398048401], [""风"", 0.04785560071468353], [""人"", 0.04525315761566162], [""月"", 0.044439464807510376], [""欺"", 0.03945143520832062], [""清"", 0.037843938916921616]]",池、恨、花、堕、情
642,张静婉采莲曲,荷花,唐,六月,"兰膏坠发红玉春， 燕钗拖颈抛盘云。
城西杨柳向桥晚， 门前沟","[[""雨"", 0.03708581253886223], [""香"", 0.019616931676864624], [""膏"", 0.017987605184316635], [""烟"", 0.017586112022399902], [""愁"", 0.015497418120503426], [""柳"", 0.01504230685532093], [""月"", 0.014468634501099586], [""玛"", 0.013834243640303612], [""露"", 0.013340100646018982], [""鶒"", 0.010684706270694733]]",雨、香、膏、烟、愁
704,水龙吟白莲,虞美人,宋,六月,翠云遥拥环妃，夜深按彻霓裳舞。铅华净洗，涓涓出浴，盈盈解语。,"[[""凉"", 0.018874656409025192], [""袜"", 0.017683720216155052], [""雨"", 0.017429981380701065], [""山"", 0.01636604778468609], [""寒"", 0.01625312678515911], [""夜"", 0.015459723770618439], [""洗"", 0.014600644819438457], [""顾"", 0.013099705800414085], [""语"", 0.013036633841693401], [""解"", 0.012022953480482101]]",凉、袜、雨、山、寒
639,奉酬卢给事云夫四兄曲江荷花行见寄并呈上钱七兄阁老张十八助教,荷花,唐,六月,nan,[],
638,采莲曲,荷花,唐,六月,采莲归，绿水芙蓉衣，秋风起浪凫雁飞。桂棹兰桡下长浦，罗裙玉腕,"[[""寒"", 0.023439936339855194], [""物"", 0.009492512792348862], [""翠"", 0.009470836259424686], [""花"", 0.009111057035624981], [""浦"", 0.008103933185338974], [""裙"", 0.007805254776030779], [""潭"", 0.007631364744156599], [""叶"", 0.007582251913845539], [""莲"", 0.0070852115750312805], [""风"", 0.006804030388593674]]",寒、物、翠、花、浦
696,玉楼春,木芙蓉,明,六月,娟娟片月涵秋影，低照银塘光不定。绿云冉冉粉初匀，玉露泠泠香自,"[[""花"", 0.05801909789443016], [""塘"", 0.033255040645599365], [""香"", 0.024593111127614975], [""云"", 0.024046408012509346], [""冉"", 0.02079359069466591], [""粉"", 0.0203043594956398], [""冷"", 0.020007586106657982], [""镜"", 0.019615670666098595], [""碧"", 0.01950470544397831], [""心"", 0.01894546113908291]]",花、塘、香、云、冉
637,观鑫,荷花,清,六月,"清池莹人心， 俯见荷叶背。
南塘非不佳， 无此青钱盖。
沈沈","[[""荷"", 0.01651284098625183], [""花"", 0.015019893646240234], [""镜"", 0.014615792781114578], [""昂"", 0.012881241738796234], [""叶"", 0.012833788059651852], [""巫"", 0.012622451409697533], [""心"", 0.011382311582565308], [""簸"", 0.011241521686315536], [""濂"", 0.010525219142436981], [""捧"", 0.009804273955523968]]",荷、花、镜、昂、叶
636,采莲曲,荷花,金,六月,"洋洋长江水， 渺渺涨平湖。
田田青茄荷， 艳艳红芙藥。
酣酣","[[""荷"", 0.042584147304296494], [""茄"", 0.03920804336667061], [""田"", 0.036182451993227005], [""凉"", 0.032616183161735535], [""江"", 0.030626967549324036], [""鸳"", 0.029821239411830902], [""波"", 0.029340771958231926], [""蒲"", 0.02554950676858425], [""日"", 0.023257890716195107], [""鱼"", 0.019630875438451767]]",荷、茄、田、凉、江
699,踏莎行,虞美人,宋,六月,杨柳回塘，鸳鸯别浦。绿萍涨断莲舟路。断无蜂蝶慕幽香，红衣脱尽,"[[""云"", 0.04385773837566376], [""心"", 0.04037375748157501], [""雨"", 0.033683422952890396], [""浦"", 0.02385685220360756], [""蝶"", 0.019758684560656548], [""却"", 0.01963917911052704], [""柳"", 0.01867932640016079], [""蜂"", 0.01847216859459877], [""照"", 0.018441900610923767], [""萍"", 0.018395161256194115]]",云、心、雨、浦、蝶
701,惜红衣,虞美人,宋,六月,：吴兴号水晶宫，荷花盛丽。陈簡斋云：“今年何以报君恩，一路荷,"[[""花"", 0.023714790120720863], [""虹"", 0.02089211903512478], [""荷"", 0.019231664016842842], [""云"", 0.011823716573417187], [""睡"", 0.011358215473592281], [""书"", 0.011284155771136284], [""梁"", 0.011243068613111973], [""墙"", 0.010526405647397041], [""城"", 0.010410565882921219], [""丁"", 0.009413120336830616]]",花、虹、荷、云、睡
702,洞仙歌令,虞美人,宋,六月,若耶溪路，别岸花无数。欲敛娇红向人语。与绿荷、相倚恨，回首西,"[[""烟"", 0.03178729489445686], [""荷"", 0.019928747788071632], [""陂"", 0.018442755565047264], [""清"", 0.01741497963666916], [""花"", 0.01579110138118267], [""渚"", 0.015697572380304337], [""桡"", 0.015079203061759472], [""浪"", 0.01422659121453762], [""骚"", 0.01416060607880354], [""凝"", 0.013149874284863472]]",烟、荷、陂、清、花
703,水龙吟,虞美人,宋,六月,淡妆不扫蛾眉，为谁伫立羞明镜！真妃解语，西施净洗，娉婷顾影。,"[[""烟"", 0.03126582130789757], [""露"", 0.02865472249686718], [""飕"", 0.02352038584649563], [""波"", 0.022670602425932884], [""叶"", 0.016648996621370316], [""山"", 0.015222819522023201], [""香"", 0.015204226598143578], [""台"", 0.015156800858676434], [""尘"", 0.015009522438049316], [""婷"", 0.01447617169469595]]",烟、露、飕、波、叶
706,迈陂塘,虞美人,金,六月,泰和中，大名民家小儿女，有以私情不如意赴水者，官为踪迹之，无,"[[""心"", 0.020945463329553604], [""烟"", 0.015345849096775055], [""梁"", 0.011745400726795197], [""花"", 0.009992106817662716], [""梦"", 0.009683981537818909], [""香"", 0.009456565603613853], [""阳"", 0.009195424616336823], [""风"", 0.009146753698587418], [""蒂"", 0.008518775925040245], [""灵"", 0.007703761104494333]]",心、烟、梁、花、梦
707,迈陂塘,虞美人,元,六月,大名有男女以私情不遂赴水者，后三日，二尸相携出水滨，是岁陂荷,"[[""泪"", 0.017174506559967995], [""烟"", 0.015366925857961178], [""荷"", 0.014553867280483246], [""雨"", 0.013950320892035961], [""滟"", 0.013620498590171337], [""云"", 0.012594994157552719], [""梦"", 0.01245389599353075], [""尸"", 0.01162593811750412], [""名"", 0.011510633863508701], [""脂"", 0.011092283762991428]]",泪、烟、荷、雨、滟
708,念奴娇,虞美人,宋,六月,予客武陵，湖北宪治在焉。古城野水，乔木参天，余与二三友，日荡,"[[""花"", 0.024104127660393715], [""翠"", 0.018858905881643295], [""叶"", 0.017485179007053375], [""佩"", 0.014765947125852108], [""寒"", 0.01461654994636774], [""冷"", 0.01175825297832489], [""荷"", 0.011644932441413403], [""嫣"", 0.010564533062279224], [""沙"", 0.0098104327917099], [""田"", 0.00947156548500061]]",花、翠、叶、佩、寒
759,南柯子,秋海棠,清,七月,嫩碧丛新叶，嫣红缀小枝。笼烟浥露更多姿。闲倚疏阑、偏称晚凉时,"[[""露"", 0.04302830621600151], [""烟"", 0.03649122267961502], [""碧"", 0.026326414197683334], [""阑"", 0.02452206239104271], [""地"", 0.023314090445637703], [""叶"", 0.020862486213445663], [""卸"", 0.019648151472210884], [""姿"", 0.01908685639500618], [""关"", 0.01821838691830635], [""嫣"", 0.0179275069385767]]",露、烟、碧、阑、地
756,白秋海棠,秋海棠,清,七月,"清秋湛露浥琼芳， 素影风摇玉砌旁。
夜静看花人独立， 水晶帘","[[""露"", 0.1119919940829277], [""花"", 0.10472706705331802], [""霜"", 0.05237789824604988], [""秋"", 0.0415734201669693], [""帘"", 0.04122726246714592], [""风"", 0.03375100716948509], [""月"", 0.029680617153644562], [""水"", 0.02949041873216629], [""独"", 0.029378078877925873], [""芳"", 0.02874315157532692]]",露、花、霜、秋、帘
749,咏槿花,木槿,唐,七月,"群玉开双槿， 丹荣对绛纱。
含烟疑出火， 隔雨怪舒霞。
向晚","[[""丹"", 0.05502309277653694], [""雨"", 0.03423966094851494], [""贾"", 0.030748749151825905], [""朝"", 0.030581600964069366], [""岛"", 0.025794891640543938], [""荣"", 0.023732515051960945], [""诗"", 0.022487405687570572], [""旧"", 0.02223380282521248], [""火"", 0.021711871027946472], [""僧"", 0.019407760351896286]]",丹、雨、贾、朝、岛
782,同儿曹赋芦花,芦花,金,七月,"天接苍苍渚， 江涵裊裊花。
秋声风似雨， 夜色月如沙。
泽国","[[""花"", 0.0402221642434597], [""风"", 0.029691025614738464], [""帽"", 0.024768643081188202], [""月"", 0.024672361090779305], [""雨"", 0.019963838160037994], [""渚"", 0.017662296071648598], [""色"", 0.017168860882520676], [""天"", 0.016283489763736725], [""园"", 0.014671973884105682], [""泽"", 0.014576899819076061]]",花、风、帽、月、雨
747,槿,木槿,明,七月,".南方编短篱， 木槿每当路。
北地少为贵， 翻编短篱护。
要","[[""花"", 0.035328902304172516], [""蕊"", 0.031457316130399704], [""露"", 0.03141222894191742], [""耳"", 0.025670744478702545], [""夕"", 0.020439036190509796], [""夏"", 0.01967400498688221], [""含"", 0.01872844249010086], [""妒"", 0.016189593821763992], [""萱"", 0.01599196158349514], [""色"", 0.015353205613791943]]",花、蕊、露、耳、夕
746,白槿花,木槿,元,七月,"素质不自媚， 开花向秋前。
澹然超群芳， 不与春争妍。
凉夜","[[""碧"", 0.04373936727643013], [""云"", 0.03560466691851616], [""玉"", 0.033939339220523834], [""影"", 0.030806461349129677], [""婵"", 0.023686226457357407], [""清"", 0.02245750091969967], [""花"", 0.021360576152801514], [""肿"", 0.020185664296150208], [""万"", 0.017414355650544167], [""木"", 0.016806622967123985]]",碧、云、玉、影、婵
760,蝶恋花,秋海棠,清,七月,万朵春红难位置。直待秋宵，点就妆儿媚。墙畔绿萝阴满地，和烟笼,"[[""烟"", 0.05664035305380821], [""墙"", 0.04700418561697006], [""萝"", 0.043820276856422424], [""浪"", 0.03500431030988693], [""脂"", 0.03449215739965439], [""位"", 0.033208154141902924], [""窗"", 0.030650369822978973], [""蝶"", 0.030349096283316612], [""蜂"", 0.02966310642659664], [""宵"", 0.023682819679379463]]",烟、墙、萝、浪、脂
748,槿 花(其-),木槿,唐,七月,燕体伤风力， 鸡香积露文。 殷鲜一相杂， 啼笑两难分。 月里,"[[""岛"", 0.02669183351099491], [""商"", 0.022704683244228363], [""香"", 0.018542226403951645], [""云"", 0.017501438036561012], [""鸡"", 0.014759859070181847], [""和"", 0.012525324709713459], [""啼"", 0.012021557427942753], [""风"", 0.01198615599423647], [""坷"", 0.01184757985174656], [""花"", 0.010992560535669327]]",岛、商、香、云、鸡
764,蓼 花,蓼花,宋,七月,"夏砌绿茎秀， 秋檐红穗繁。
终然体不媚， 无那对虞翻。","[[""砌"", 0.11537241190671921], [""檐"", 0.09828294813632965], [""秋"", 0.09118981659412384], [""虞"", 0.07447254657745361], [""茎"", 0.048963867127895355], [""绿"", 0.04505476728081703], [""那"", 0.04194428399205208], [""媚"", 0.037439871579408646], [""夏"", 0.02754066325724125], [""秀"", 0.026717599481344223]]",砌、檐、秋、虞、茎
783,芦 花,芦花,明,七月,"江畔洲前白渺茫， 萧萧摵摵斗秋光。
轻风乱播漫天雪， 斜月微","[[""风"", 0.03589075803756714], [""岸"", 0.03341810032725334], [""江"", 0.032318901270627975], [""天"", 0.029594745486974716], [""香"", 0.025718245655298233], [""洲"", 0.024524467065930367], [""树"", 0.02366219460964203], [""雪"", 0.02351870760321617], [""琼"", 0.022162707522511482], [""摵"", 0.02075609378516674]]",风、岸、江、天、香
789,金钗股,金银花,清,七月,"金虎胎含素， 黄银瑞出云。
参差随意染， 深浅一香薰。
雾鬓","[[""云"", 0.06258833408355713], [""香"", 0.051284655928611755], [""烟"", 0.042915377765893936], [""韵"", 0.03938344493508339], [""士"", 0.037635281682014465], [""胎"", 0.037504643201828], [""鬟"", 0.033006370067596436], [""含"", 0.02977072261273861], [""鬓"", 0.0292726531624794], [""翠"", 0.028038807213306427]]",云、香、烟、韵、士
791,曼陀罗,曼陀罗,宋,七月,"我圃殊不俗， 翠蕤敷玉房。
秋风不敢吹， 谓是天上香。
烟迷","[[""房"", 0.06195485591888428], [""露"", 0.043637774884700775], [""翠"", 0.04275929927825928], [""烟"", 0.03933735936880112], [""梦"", 0.0301160030066967], [""昂"", 0.023379869759082794], [""金"", 0.02113395929336548], [""调"", 0.020262248814105988], [""天"", 0.019482702016830444], [""圃"", 0.01776275411248207]]",房、露、翠、烟、梦
768,迷仙引,蓼花,清,七月,断续寒汀，容与芳洲，斜倚高岸。移近山茨，绿葵定得相伴。爱冷红,"[[""荷"", 0.03611360490322113], [""香"", 0.03606896847486496], [""水"", 0.028918951749801636], [""寒"", 0.028462614864110947], [""洲"", 0.023811429738998413], [""葵"", 0.021688777953386307], [""雨"", 0.01985548622906208], [""雪"", 0.017509017139673233], [""冷"", 0.017475735396146774], [""绿"", 0.01611478440463543]]",荷、香、水、寒、洲
770,水龙吟蓼花,蓼花,清,七月,小红开遍遥汀，明漪倒浸玲珑影。花工似惜，秋容催老，堵莲千柄。,"[[""阳"", 0.018135197460651398], [""香"", 0.017327897250652313], [""婀"", 0.01707659289240837], [""烟"", 0.015879778191447258], [""珞"", 0.015581328421831131], [""玲"", 0.015445826575160027], [""冷"", 0.014491933397948742], [""花"", 0.014269549399614334], [""娜"", 0.014125400222837925], [""虹"", 0.01411084271967411]]",阳、香、婀、烟、珞
774,题画鸡冠花,鸡冠花,元,七月,"何处一声天下白，霜华晚拂绛云冠。
、五陵斗罢归来后，独立秋亭","[[""斗"", 0.10131798684597015], [""云"", 0.06732109189033508], [""血"", 0.062276896089315414], [""霜"", 0.0604504719376564], [""五"", 0.05892062932252884], [""华"", 0.053089678287506104], [""声"", 0.04959847033023834], [""独"", 0.031927913427352905], [""处"", 0.028340142220258713], [""陵"", 0.027446262538433075]]",斗、云、血、霜、五
781,紫 薇,紫薇,宋,七月,"钟鼓楼前官样花， 谁令流落到天涯。
少年妄想今除尽， 但爱清","[[""钟"", 0.15582530200481415], [""霞"", 0.14384372532367706], [""天"", 0.09029161930084229], [""花"", 0.07111417502164841], [""清"", 0.06918404251337051], [""浸"", 0.06504219770431519], [""落"", 0.05689923092722893], [""楼"", 0.04980598762631416], [""鼓"", 0.030379971489310265], [""樽"", 0.028922783210873604]]",钟、霞、天、花、清
800,八月十七日天竺山送桂花分贈元素,桂花,宋,八月,月缺霜浓细蕊干， 此花元属玉堂仙。鹫峰子落惊前夜， 蟾窟枝空,"[[""堂"", 0.04735890030860901], [""清"", 0.04470460116863251], [""峰"", 0.041579797863960266], [""涧"", 0.03567883372306824], [""裓"", 0.03307049348950386], [""夜"", 0.028409896418452263], [""介"", 0.023570319637656212], [""裙"", 0.02103721909224987], [""月"", 0.02059219963848591], [""纫"", 0.01981659047305584]]",堂、清、峰、涧、裓
804,东城桂,桂花,唐,八月,"子堕本从天竺寺， 根盘今在阖闾城。
当时应逐南风落， 落向人","[[""城"", 0.09445910900831223], [""根"", 0.07961185276508331], [""风"", 0.0767383798956871], [""堕"", 0.0708257183432579], [""盘"", 0.06083093583583832], [""竺"", 0.04958698898553848], [""落"", 0.04153196141123772], [""天"", 0.041428614407777786], [""生"", 0.03425642102956772], [""闾"", 0.02921757474541664]]",城、根、风、堕、盘
817,古香慢,桂花,宋,八月,怨娥坠柳，离佩摇，霜讯南圃。漫忆桥扉，倚竹袖寒日暮。还问月中,"[[""雨"", 0.02473362162709236], [""浩"", 0.023041442036628723], [""藓"", 0.020607806742191315], [""阳"", 0.018024342134594917], [""佩"", 0.01629183441400528], [""月"", 0.01578032597899437], [""粟"", 0.014898054301738739], [""云"", 0.014710529707372189], [""柳"", 0.013379002921283245], [""竹"", 0.013235747814178467]]",雨、浩、藓、阳、佩
824,菩萨蛮,秋葵,宋,八月,秋花最是黄葵好，天然嫩态迎春早。染得道家衣，淡妆梳洗时。 晚,"[[""是"", 0.03210223466157913], [""露"", 0.028432682156562805], [""道"", 0.028072616085410118], [""洗"", 0.02561943605542183], [""一"", 0.025160757824778557], [""清"", 0.023794928565621376], [""云"", 0.023606406524777412], [""染"", 0.023267455399036407], [""然"", 0.022570470348000526], [""便"", 0.02244490198791027]]",是、露、道、洗、一
827,滴滴金,滴滴金,宋,八月,九秋瑞露滴成芽，不是榆花即桂花。星女月娥宫不锁，：天风吹落野,"[[""花"", 0.0770336464047432], [""风"", 0.05717490240931511], [""星"", 0.05619529262185097], [""月"", 0.05420154333114624], [""芽"", 0.04189329594373703], [""人"", 0.039331067353487015], [""娥"", 0.035795558243989944], [""露"", 0.03471091389656067], [""锁"", 0.03267928957939148], [""秋"", 0.03194429352879524]]",花、风、星、月、芽
829,咏金钱花,金钱花,唐,八月,"占得佳名绕树芳，依依相伴向秋光。
若教此物也收贮，应被豪门尽","[[""物"", 0.1020161435008049], [""名"", 0.0934293270111084], [""秋"", 0.07535964995622635], [""树"", 0.05198845639824867], [""光"", 0.051978856325149536], [""豪"", 0.051272861659526825], [""将"", 0.04552137479186058], [""门"", 0.04377127066254616], [""佳"", 0.03759293630719185], [""芳"", 0.02757187932729721]]",物、名、秋、树、光
832,蘋 花,蘋花,清,八月,nan,[],
857,晚香轩,菊花,明,八月,"焉知老子非元亮， 请看黄花满白沙。
剩有香醪共采采， 何须蜡","[[""花"", 0.08090384304523468], [""蜡"", 0.06506727635860443], [""沙"", 0.06496476382017136], [""采"", 0.036355581134557724], [""醪"", 0.03320636600255966], [""风"", 0.026745444163680077], [""雨"", 0.025669388473033905], [""株"", 0.0235693771392107], [""屐"", 0.023016387596726418], [""白"", 0.022667033597826958]]",花、蜡、沙、采、醪
856,晚香轩,菊花,明,八月,"不畏风霜向晚欺， 独开众卉已凋时。
地荒老圃苔三径， 节过重","[[""山"", 0.10178021341562271], [""风"", 0.04664267227053642], [""阳"", 0.04355723410844803], [""轩"", 0.03584322705864906], [""圃"", 0.034996505826711655], [""苔"", 0.03239066153764725], [""寒"", 0.023214399814605713], [""雨"", 0.022667063400149345], [""篱"", 0.0224778912961483], [""赋"", 0.019450776278972626]]",山、风、阳、轩、圃
798,岩 桂,桂花,宋,八月,"要玉黏枝细， 青云剪叶齐。
团团岩下桂， 表表木中犀。
江树","[[""花"", 0.07108151912689209], [""山"", 0.07028049230575562], [""玉"", 0.05855382978916168], [""岩"", 0.04512547329068184], [""枝"", 0.04105060547590256], [""叶"", 0.04029398038983345], [""云"", 0.02891586162149906], [""桂"", 0.02698906697332859], [""薰"", 0.025414766743779182], [""犀"", 0.02393917553126812]]",花、山、玉、岩、枝
853,刘员外寄移菊,菊花,唐,八月,nan,[],
796,桂 花,桂花,元,八月,"桂花留晚色， 帘影淡秋光。
靡靡风还落， 菲菲夜未央。
玉绳","[[""园"", 0.057440537959337234], [""花"", 0.0443752147257328], [""帘"", 0.04288024082779884], [""梦"", 0.03683019056916237], [""绳"", 0.03271719068288803], [""夜"", 0.02578035742044449], [""鸭"", 0.025588935241103172], [""月"", 0.024487854912877083], [""桂"", 0.0204149316996336], [""金"", 0.018333785235881805]]",园、花、帘、梦、绳
850,九 日,菊花,明,八月,三载重阳菊， 开时不在家。何期今日酒， 忽对故园花。野旷云连,"[[""酒"", 0.051134586334228516], [""寒"", 0.03958726301789284], [""阳"", 0.037918537855148315], [""菊"", 0.035878345370292664], [""载"", 0.03560207039117813], [""园"", 0.031340815126895905], [""忽"", 0.029764285311102867], [""花"", 0.02965816669166088], [""沙"", 0.02557460032403469], [""云"", 0.025543607771396637]]",酒、寒、阳、菊、载
793,咏 桂,桂花,唐,八月,"世人种桃李， 多在金张门。
攀折争捷径， 及此春风暄。
一朝","[[""霜"", 0.09307315200567245], [""叶"", 0.04042612016201019], [""李"", 0.03620842844247818], [""桂"", 0.026692336425185204], [""人"", 0.025390859693288803], [""桃"", 0.025184810161590576], [""园"", 0.024953996762633324], [""金"", 0.022665485739707947], [""山"", 0.022595040500164032], [""绿"", 0.021436555311083794]]",霜、叶、李、桂、人
792,春桂问答二首,桂花,唐,八月,"问春桂： 桃李正芬华。年光随处满， 何事独无花？
春桂答： ","[[""独"", 0.03133805841207504], [""桂"", 0.030724644660949707], [""何"", 0.025950457900762558], [""事"", 0.025239793583750725], [""处"", 0.023618023842573166], [""否"", 0.023610414937138557], [""钜"", 0.02335876040160656], [""风"", 0.023101747035980225], [""正"", 0.02257302589714527], [""答"", 0.022170698270201683]]",独、桂、何、事、处
813,霜天晓角,桂花,宋,八月,绿云剪叶，低护黄金屑。占断花中声誉，香与韵、 两清洁。 胜绝,"[[""犹"", 0.05242222175002098], [""香"", 0.03430113196372986], [""洁"", 0.030859442427754402], [""露"", 0.027582241222262383], [""清"", 0.025461271405220032], [""听"", 0.024765657261013985], [""护"", 0.024363089352846146], [""月"", 0.022432979196310043], [""声"", 0.021572304889559746], [""庭"", 0.020135432481765747]]",犹、香、洁、露、清
839,墨菊二首(其二),菊花,明,九月,画菊不画香， 香空钜堪掬？画菊不画色， 色似花已俗。都无色香,"[[""堂"", 0.04080761596560478], [""香"", 0.036594606935977936], [""桃"", 0.03084452450275421], [""菊"", 0.029321303591132164], [""李"", 0.026259880512952805], [""不"", 0.018530458211898804], [""人"", 0.017604561522603035], [""世"", 0.01715359464287758], [""掬"", 0.0160500667989254], [""见"", 0.015987928956747055]]",堂、香、桃、菊、李
903,绛都春,雁来红,清,九月,芳丛旖旎，映画槛六曲，平添秋意。落叶打窗，昨夜高斋西风起。罗,"[[""雁"", 0.0349871963262558], [""灯"", 0.03316478803753853], [""洒"", 0.02158733829855919], [""蓼"", 0.020844431594014168], [""筝"", 0.018508872017264366], [""叶"", 0.017159130424261093], [""凉"", 0.017062515020370483], [""泪"", 0.016683241352438927], [""旎"", 0.016452012583613396], [""摺"", 0.015847330912947655]]",雁、灯、洒、蓼、筝
840,采菊篇,菊花,南朝梁,九月,"日精丽草散秋株， 洛阳少妇绝妍姝。
相呼提筐采菊珠， 朝起露","[[""山"", 0.09368159621953964], [""方"", 0.05752602592110634], [""露"", 0.05401104316115379], [""筐"", 0.05260046571493149], [""骑"", 0.051981743425130844], [""妍"", 0.04097136855125427], [""精"", 0.03780745342373848], [""驹"", 0.03688761964440346], [""阳"", 0.034360121935606], [""菊"", 0.03194437175989151]]",山、方、露、筐、骑
899,南乡子,菊花,宋,九月,黄菊满东篱，与客携壶上翠微。已是有花兼有酒，良期。不用登临怨,"[[""翠"", 0.038600947707891464], [""怨"", 0.018411604687571526], [""蝶"", 0.01805185340344906], [""落"", 0.01772007718682289], [""花"", 0.01754547841846943], [""篱"", 0.017028730362653732], [""阳"", 0.015382462181150913], [""须"", 0.013308658264577389], [""愁"", 0.012871112674474716], [""空"", 0.012205678969621658]]",翠、怨、蝶、落、花
841,山园草间菊数枝开，席地独酌,菊花,宋,九月,屋东菊畦蔓草荒， 瘦枝出草三尺长。碎金狼藉不堪摘， 扫地为渠,"[[""畦"", 0.0841691866517067], [""耳"", 0.050768524408340454], [""觞"", 0.03410455584526062], [""尺"", 0.03266355022788048], [""扫"", 0.027182508260011673], [""碎"", 0.025508351624011993], [""花"", 0.023676656186580658], [""金"", 0.021757859736680984], [""蔓"", 0.02035450004041195], [""藉"", 0.018518300727009773]]",畦、耳、觞、尺、扫
837,菊 花,菊花,宋,九月,"菊花如端人， 独立寒冰霜。
名纪先秦书， 功标列仙方。
纷纷","[[""花"", 0.04192376509308815], [""霜"", 0.039998751133680344], [""节"", 0.03776721656322479], [""嗅"", 0.03471192717552185], [""标"", 0.028544660657644272], [""芬"", 0.02560332976281643], [""觞"", 0.025468824431300163], [""秦"", 0.023486243560910225], [""枝"", 0.023345598950982094], [""渊"", 0.0231839157640934]]",花、霜、节、嗅、标
843,万年厉员外宅赏残菊,菊花,唐,九月,"才过重阳后， 人心已为残。
近霜须苦惜， 带蝶更宜看。
色减","[[""香"", 0.10754045844078064], [""蝶"", 0.07443463802337646], [""雨"", 0.06473208218812943], [""阳"", 0.03815793618559837], [""霜"", 0.035843439400196075], [""心"", 0.032820671796798706], [""寒"", 0.026048848405480385], [""更"", 0.025480160489678383], [""醉"", 0.025291070342063904], [""宅"", 0.024701938033103943]]",香、蝶、雨、阳、霜
847,八月二十八日子容过对菊,菊花,明,九月,"近节逢花放， 开樽集异乡。
乾坤共一笑， 风雨似重阳。
谁识","[[""雨"", 0.05894838646054268], [""花"", 0.05272269248962402], [""堂"", 0.042011529207229614], [""阳"", 0.029160229489207268], [""坤"", 0.025425376370549202], [""蝉"", 0.024210331961512566], [""风"", 0.023716645315289497], [""西"", 0.02137274481356144], [""节"", 0.021269595250487328], [""意"", 0.021195759996771812]]",雨、花、堂、阳、坤
835,舟上采菊,菊花,宋,九月,"泯泯平慢流，行当季秋月。
演漾过汀洲，汀洲芳杜歇。
：白露夜","[[""寒"", 0.030845116823911667], [""菊"", 0.02969631366431713], [""酒"", 0.02177874743938446], [""洲"", 0.020791521295905113], [""黄"", 0.019750339910387993], [""有"", 0.01799282804131508], [""夜"", 0.017217589542269707], [""诗"", 0.01581903174519539], [""霏"", 0.015722036361694336], [""更"", 0.015409721061587334]]",寒、菊、酒、洲、黄
898,鹪鸪天,菊花,宋,九月,一种浓华别样妆，留连春色到秋光。解将天上千年艳，翻作人间九月,"[[""醉"", 0.02923857979476452], [""霜"", 0.027202177792787552], [""篱"", 0.02576003223657608], [""阮"", 0.02497979998588562], [""眼"", 0.024669690057635307], [""潜"", 0.023292336612939835], [""偷"", 0.022923646494746208], [""武"", 0.022183379158377647], [""九"", 0.02076064795255661], [""雾"", 0.02060042694211006]]",醉、霜、篱、阮、眼
834,饮 酒（其五）,菊花,晋,九月,"结庐在人境， 而无车马喧。
问君何能尔？ 心远地自偏。
采菊","[[""山"", 0.16212892532348633], [""篱"", 0.05900256335735321], [""心"", 0.05768459290266037], [""庐"", 0.04556175693869591], [""车"", 0.04352952912449837], [""飞"", 0.026046134531497955], [""气"", 0.02064293622970581], [""佳"", 0.013550586998462677], [""马"", 0.012339978478848934], [""人"", 0.012144702486693859]]",山、篱、心、庐、车
833,和郭主簿二首(其二),菊花,晋,九月,"和泽周三春， 清凉素秋节。
露凝无游氛， 天高风景澈。
陵岑","[[""霜"", 0.07656791806221008], [""峰"", 0.033456217497587204], [""三"", 0.020229561254382133], [""松"", 0.0186728835105896], [""风"", 0.01692296750843525], [""岩"", 0.016877632588148117], [""菊"", 0.01618548482656479], [""泽"", 0.015587562695145607], [""贞"", 0.015246436931192875], [""陵"", 0.015164011158049107]]",霜、峰、三、松、风
900,小桃红,菊花,清,九月,种擅秋花俊，色比春花嫩。拂拂丹葩，斑斑红雨，一天孤韵。向征君,"[[""边"", 0.018745360895991325], [""花"", 0.017855685204267502], [""雨"", 0.01679081656038761], [""错"", 0.01442756224423647], [""风"", 0.014331447891891003], [""开"", 0.014126760885119438], [""秋"", 0.014005311764776707], [""带"", 0.013872453942894936], [""气"", 0.01346245314925909], [""春"", 0.013413908891379833]]",边、花、雨、错、风
895,阮郎归,菊花,清,九月,nan,[],
897,鹧鸪天,菊花,宋,九月,黄菊枝头破晓寒，人生莫放酒杯干。风前横笛斜吹雨，醉里簮花倒著,"[[""雨"", 0.050551172345876694], [""杯"", 0.03562789410352707], [""花"", 0.035416021943092346], [""笛"", 0.034500353038311005], [""扇"", 0.027602002024650574], [""干"", 0.026683470234274864], [""菊"", 0.02509205788373947], [""枝"", 0.023103194311261177], [""舞"", 0.020861279219388962], [""裙"", 0.02084559202194214]]",雨、杯、花、笛、扇
896,卖花声,菊花,清,九月,近世菊花纷红骇绿，无有东篱古意，偶客秣陵，得墨菊二本，甚娟妙,"[[""寒"", 0.04424414411187172], [""灯"", 0.03635789453983307], [""花"", 0.028950637206435204], [""墨"", 0.022148460149765015], [""畦"", 0.019110480323433876], [""绿"", 0.018609579652547836], [""门"", 0.01569364033639431], [""菜"", 0.01514641847461462], [""人"", 0.014894313178956509], [""秣"", 0.014671673998236656]]",寒、灯、花、墨、畦
943,如梦令,野菊,宋,十月,野菊亭亭争秀，闲伴露荷风柳。浅碧小开花，谁摘、.谁看、谁嗅？,"[[""菊"", 0.03883323073387146], [""碧"", 0.037213653326034546], [""亭"", 0.03541391342878342], [""荷"", 0.034447479993104935], [""篱"", 0.026646343991160393], [""花"", 0.024560265243053436], [""谁"", 0.023062456399202347], [""杯"", 0.022210247814655304], [""露"", 0.02207404188811779], [""秀"", 0.0211628470569849]]",菊、碧、亭、荷、篱
938,野菊座主闲闲公命作,野菊,金,十月,"柴桑人去已千年， 细菊班班也自圆。
共爱鲜明照秋色， 争教狼","[[""烟"", 0.14929448068141937], [""畦"", 0.07220538705587387], [""桑"", 0.07034220546483994], [""圆"", 0.029830241575837135], [""明"", 0.025100771337747574], [""疏"", 0.02164146862924099], [""蝶"", 0.019433002918958664], [""幽"", 0.01736101694405079], [""人"", 0.01626082882285118], [""丛"", 0.01575760543346405]]",烟、畦、桑、圆、明
939,野菊再奉座主闲闲公命作,野菊,金,十月,"晚景萧疏画不成， 晚花作意出繁英。
鲜明独向霜露见， 烂漫却","[[""花"", 0.05987062677741051], [""露"", 0.0536930076777935], [""山"", 0.05312969535589218], [""艾"", 0.04870474338531494], [""蒿"", 0.029900163412094116], [""风"", 0.02899077534675598], [""西"", 0.028381111100316048], [""英"", 0.024242177605628967], [""出"", 0.023340336978435516], [""南"", 0.023287435993552208]]",花、露、山、艾、蒿
934,叹庭前甘菊花,甘菊,唐,十月,庭前甘菊移时晚，青蕊重阳不堪摘。 明日萧条醉尽醒， 残花烂漫,"[[""堂"", 0.11610959470272064], [""庭"", 0.05105534940958023], [""阳"", 0.045225873589515686], [""甘"", 0.04149587079882622], [""叶"", 0.0342865027487278], [""条"", 0.03131181746721268], [""花"", 0.027666615322232246], [""根"", 0.02538285031914711], [""霜"", 0.025072230026125908], [""风"", 0.023776240646839142]]",堂、庭、阳、甘、叶
933,咏甘菊,甘菊,宋,十月,"越山春始寒， 霜菊晚愈好。
朝来出细粟， 稍觉芳岁老。
孤根","[[""松"", 0.032841168344020844], [""壶"", 0.019919419661164284], [""颊"", 0.016850586980581284], [""山"", 0.015996454283595085], [""蝶"", 0.015956195071339607], [""黎"", 0.012673299759626389], [""珠"", 0.011899055913090706], [""牙"", 0.011615222319960594], [""雨"", 0.011437119916081429], [""腹"", 0.011134670116007328]]",松、壶、颊、山、蝶
932,酷相思,木芙蓉,清,十月,一簇花光楼角倚。正花下、深杯递。渐斜照玲珑红 影帶。人道是、,"[[""水"", 0.025939278304576874], [""玲"", 0.01602587290108204], [""符"", 0.014905553311109543], [""蓉"", 0.012712079100310802], [""今"", 0.011644593439996243], [""有"", 0.010629714466631413], [""也"", 0.010442592203617096], [""花"", 0.010168961249291897], [""芙"", 0.010003120638430119], [""滋"", 0.00993447843939066]]",水、玲、符、蓉、今
905,茶轩为陈惟寅赋,雁来红,明,十月,"千苞凛冰雪， 一树当窗几。
晴旭晓微烘， 游蜂掠芳蕊。
淡香","[[""苞"", 0.05722002685070038], [""露"", 0.05579813942313194], [""烟"", 0.04317144304513931], [""蜂"", 0.041918929666280746], [""雪"", 0.036662593483924866], [""窗"", 0.033051956444978714], [""密"", 0.030091874301433563], [""凛"", 0.029904572293162346], [""水"", 0.02824212796986103], [""冰"", 0.027397776022553444]]",苞、露、烟、蜂、雪
906,茶轩为陈惟寅赋,雁来红,宋,十月,长明灯下石栏干， 长共松杉守岁寒。叶厚有棱犀甲健， 花深少态,"[[""蓿"", 0.0903230831027031], [""松"", 0.046738117933273315], [""灯"", 0.04098467528820038], [""犀"", 0.03909583389759064], [""栏"", 0.034430425614118576], [""棱"", 0.03366580978035927], [""叶"", 0.03348821401596069], [""雨"", 0.031548548489809036], [""杉"", 0.030760303139686584], [""盘"", 0.030477028340101242]]",蓿、松、灯、犀、栏
909,邵伯梵行寺山茶,山茶,宋,十月,"山茶相对阿谁栽？ 细雨无人我独来。
说似与君君不会， 烂红如","[[""山"", 0.09774605184793472], [""雪"", 0.056396931409835815], [""茶"", 0.05124632269144058], [""火"", 0.04064396023750305], [""人"", 0.038601405918598175], [""开"", 0.03409939631819725], [""似"", 0.03242132067680359], [""阿"", 0.03163091465830803], [""会"", 0.02906368300318718], [""烂"", 0.027501408010721207]]",山、雪、茶、火、人
915,木兰花慢,山茶花,清,十月,谱滇南花卉，推第一，是山茶。爱枝偃虬形，苞含鹤顶，烘日蒸霞。,"[[""牡"", 0.02423633076250553], [""名"", 0.022101661190390587], [""咏"", 0.02133796736598015], [""日"", 0.019925588741898537], [""卉"", 0.016982635483145714], [""山"", 0.015834029763936996], [""绿"", 0.014976337552070618], [""推"", 0.013766678050160408], [""火"", 0.01292561087757349], [""绛"", 0.012833050452172756]]",牡、名、咏、日、卉
917,王伯扬所藏赵昌芙蓉,木芙蓉,宋,十月,"清飚已拂林， 积水渐收潦。
溪边野芙蓉， 花木相媚好。
坐看","[[""溪"", 0.0782746896147728], [""蓉"", 0.03606407716870308], [""莲"", 0.03461572155356407], [""林"", 0.03100057877600193], [""花"", 0.027618426829576492], [""剑"", 0.02756825089454651], [""池"", 0.02513127587735653], [""容"", 0.022301800549030304], [""樵"", 0.0203467458486557], [""媚"", 0.01896609738469124]]",溪、蓉、莲、林、花
919,芙蓉,木芙蓉,明,十月,"群芳摇落后， 秋色在林塘。
艳态偏临水， 幽姿独拒霜。
汉皋","[[""霜"", 0.11596789211034775], [""林"", 0.05963626503944397], [""阳"", 0.05952787399291992], [""秋"", 0.05162833258509636], [""姿"", 0.04206375032663345], [""佩"", 0.032896388322114944], [""芳"", 0.03185052424669266], [""湘"", 0.025071805343031883], [""落"", 0.019431699067354202], [""江"", 0.019161932170391083]]",霜、林、阳、秋、姿
925,芙 蓉,木芙蓉,宋,十月,"今年古寺摘芙蓉， 憔悴真成泽畔翁。聊把一枝闲照水, 明年何处","[[""蓉"", 0.10712415724992752], [""水"", 0.1049831360578537], [""泽"", 0.10491538792848587], [""芙"", 0.08019004017114639], [""枝"", 0.062437281012535095], [""霜"", 0.057401370257139206], [""红"", 0.049854911863803864], [""明"", 0.04955926537513733], [""照"", 0.040922313928604126], [""寺"", 0.022569680586457253]]",蓉、水、泽、芙、枝
931,婆罗门引,木芙蓉,宋,十月,暮霞照水，水边无数木芙蓉。晓来露湿轻红。十里锦丝步障，日转影,"[[""阳"", 0.03968470171093941], [""蓉"", 0.02390095219016075], [""芙"", 0.02258610539138317], [""露"", 0.021297002211213112], [""霞"", 0.019408218562602997], [""木"", 0.018592236563563347], [""水"", 0.01820998266339302], [""日"", 0.017194535583257675], [""帐"", 0.017007561400532722], [""粉"", 0.016951261088252068]]",阳、蓉、芙、露、霞
937,野菊,野菊,唐,十月,苦竹园南椒坞边， 微香冉冉泪涓涓。已悲节物同寒雁， 忍委芳心,"[[""野"", 0.02641262672841549], [""商"", 0.020372506231069565], [""芸"", 0.013474020175635815], [""花"", 0.011989094316959381], [""蝉"", 0.011314737610518932], [""竹"", 0.011036872863769531], [""香"", 0.010350328870117664], [""紫"", 0.009238188154995441], [""寒"", 0.008911053650081158], [""霜"", 0.008824115619063377]]",野、商、芸、花、蝉
926,窗前木芙蓉,木芙蓉,宋,十月,"辛苦孤花破小寒， 花心应似客心酸。
更凭青女留连得， 未作愁","[[""花"", 0.09896289557218552], [""孤"", 0.06247906759381294], [""心"", 0.058660734444856644], [""红"", 0.055947594344615936], [""女"", 0.05257001519203186], [""苦"", 0.04100525379180908], [""看"", 0.03750519081950188], [""寒"", 0.03167763352394104], [""愁"", 0.029747478663921356], [""青"", 0.02357776276767254]]",花、孤、心、红、女
954,题红梅,红梅,明,十一月,"三百年来处士家， 酒旗风里一枝斜。
断桥荒藓无人问， 颜色如","[[""藓"", 0.11910783499479294], [""旗"", 0.08037873357534409], [""花"", 0.07179202139377594], [""杏"", 0.05731305480003357], [""风"", 0.053012728691101074], [""枝"", 0.047759220004081726], [""桥"", 0.044402722269296646], [""荒"", 0.042168427258729935], [""士"", 0.038995835930109024], [""颜"", 0.033689044415950775]]",藓、旗、花、杏、风
960,定风波,红梅,宋,十一月,好睡慵开莫厌迟，自怜冰脸不时宜。偶作小红桃杏色，闲雅，尚余孤,"[[""孤"", 0.04561915621161461], [""叶"", 0.03694702684879303], [""雪"", 0.02778010070323944], [""肌"", 0.02682817541062832], [""睡"", 0.024306563660502434], [""梅"", 0.02382957749068737], [""沁"", 0.023382846266031265], [""脸"", 0.022888896986842155], [""枝"", 0.01797124184668064], [""霜"", 0.016966363415122032]]",孤、叶、雪、肌、睡
959,小重山,红梅,宋,十一月,人绕湘皋月坠时，斜横花树小，浸愁漪。--春幽事有谁知？东风冷,"[[""血"", 0.03415108472108841], [""筠"", 0.03067779168486595], [""花"", 0.02720443531870842], [""香"", 0.0266143586486578], [""月"", 0.02623591385781765], [""冷"", 0.024122823029756546], [""云"", 0.02335885725915432], [""风"", 0.022293707355856895], [""啼"", 0.02036188542842865], [""绿"", 0.019773248583078384]]",血、筠、花、香、月
956,留春 令,红梅,宋,十一月,玉妃春醉，夜寒吹堕，江南风月。一自情留馆娃宫，在竹外、尤清绝,"[[""竹"", 0.047937121242284775], [""寒"", 0.03353751823306084], [""江"", 0.0316602885723114], [""月"", 0.030838118866086006], [""雪"", 0.022423574700951576], [""春"", 0.02226601354777813], [""夜"", 0.021893853321671486], [""冷"", 0.02018486149609089], [""一"", 0.019733548164367676], [""黄"", 0.019065674394369125]]",竹、寒、江、月、雪
957,玉楼春,红梅,宋,十一月,当日岭头相见处。玉骨冰肌元淡伫。近来因甚要浓妆，不管满城桃杏,"[[""城"", 0.05170576646924019], [""霞"", 0.04531198367476463], [""炉"", 0.034749098122119904], [""脸"", 0.03261168673634529], [""岭"", 0.030645208433270454], [""冷"", 0.02469984069466591], [""日"", 0.02328203059732914], [""管"", 0.02199903130531311], [""桃"", 0.020001616328954697], [""香"", 0.019902458414435387]]",城、霞、炉、脸、岭
944,红 梅,红梅,宋,十一月,华灯收尽红梅落， 别有横枝照林薄。天教阆苑染芳根， 不住山城,"[[""垫"", 0.007007197476923466], [""浪"", 0.006963985972106457], [""山"", 0.006383522413671017], [""梨"", 0.006309119053184986], [""芬"", 0.005976708605885506], [""阗"", 0.005971543490886688], [""苑"", 0.0054664914496243], [""主"", 0.005091207101941109], [""城"", 0.004853882826864719], [""凉"", 0.004852356389164925]]",垫、浪、山、梨、芬
945,岭上红梅,红梅,宋,十一月,雾雨胭脂照松竹， 江南春风一枝足。满城桃李各嫣然， 寂寞倾城,"[[""李"", 0.10231505334377289], [""城"", 0.08183112740516663], [""脂"", 0.05235832557082176], [""花"", 0.038495540618896484], [""江"", 0.0346548967063427], [""愁"", 0.03031720221042633], [""桃"", 0.028129026293754578], [""枝"", 0.028034646064043045], [""松"", 0.02753198891878128], [""嫣"", 0.026170780882239342]]",李、城、脂、花、江
946,红 梅,红梅,宋,十一月,"家住寒溪曲， 梅先杂暖春。
学妆如小女， 聚笑发丹唇。
野杏","[[""笑"", 0.05424923077225685], [""溪"", 0.053419023752212524], [""山"", 0.03931652382016182], [""邻"", 0.03389287367463112], [""家"", 0.03290323168039322], [""唇"", 0.03255665674805641], [""野"", 0.02981092408299446], [""庾"", 0.026317991316318512], [""江"", 0.025441588833928108], [""园"", 0.02470802702009678]]",笑、溪、山、邻、家
947,红 梅,红梅,宋,十一月,"怕愁贪睡独开迟， 自恐冰容不入时。
故作小红桃杏色， 尚余孤","[[""肌"", 0.07865261286497116], [""叶"", 0.04845548793673515], [""愁"", 0.045913372188806534], [""孤"", 0.03320053964853287], [""雪"", 0.02548358403146267], [""梅"", 0.023750504478812218], [""霜"", 0.0206327885389328], [""姿"", 0.01929917186498642], [""睡"", 0.0168529711663723], [""态"", 0.01662653684616089]]",肌、叶、愁、孤、雪
958,蝶恋花,红梅,宋,十一月,两岸月桥花半吐。红透肌香，暗把游人误。尽道武陵溪上路。不知迷,"[[""月"", 0.03578650578856468], [""汗"", 0.03528059646487236], [""脂"", 0.034848473966121674], [""江"", 0.0328960046172142], [""溪"", 0.03104577213525772], [""武"", 0.02370544895529747], [""胭"", 0.020401081070303917], [""霜"", 0.02009693533182144], [""君"", 0.01734478585422039], [""道"", 0.017009742558002472]]",月、汗、脂、江、溪
949,红 梅,红梅,明,十一月,陇头人未来， 江南春几许？ 惆帐玉箫声， 吹落胭脂雨。,"[[""雨"", 0.2151729166507721], [""箫"", 0.10634263604879379], [""玉"", 0.08226429671049118], [""脂"", 0.06424203515052795], [""陇"", 0.06233196705579758], [""春"", 0.05235106125473976], [""落"", 0.047282371670007706], [""江"", 0.0365271233022213], [""帐"", 0.032329704612493515], [""人"", 0.029282063245773315]]",雨、箫、玉、脂、陇
951,红梅四首(其一),红梅,元,十一月,"彩凤穿花啄石苔， 玉窗琼户紫烟开。
山人不说罗浮梦， 却忆玄","[[""花"", 0.07526171207427979], [""凤"", 0.06303068995475769], [""梦"", 0.05429108813405037], [""山"", 0.04941515997052193], [""苔"", 0.04905495047569275], [""观"", 0.04467356204986572], [""烟"", 0.04150561988353729], [""啄"", 0.03898317739367485], [""栽"", 0.037140972912311554], [""窗"", 0.035881370306015015]]",花、凤、梦、山、苔
948,红 梅,红梅,宋,十一月,"酒力欺朝寒， 潮红上妆面。
桃李漫同时， 输了春风半。","[[""潮"", 0.15933649241924286], [""寒"", 0.11178173124790192], [""李"", 0.0878124088048935], [""朝"", 0.07481656968593597], [""桃"", 0.07324346899986267], [""风"", 0.07110906392335892], [""漫"", 0.03740694746375084], [""红"", 0.034640971571207047], [""力"", 0.027562886476516724], [""春"", 0.02438950166106224]]",潮、寒、李、朝、桃
955,种红梅一株于竹下赋此,红梅,清,十一月,文窗一碧，萧萧相倚，静袅茶烟一炷。籜龙昨夜叫秋空，似怨道、天,"[[""寒"", 0.09774819761514664], [""夜"", 0.04635407403111458], [""苔"", 0.044259946793317795], [""碧"", 0.04124235361814499], [""瘦"", 0.02914527803659439], [""窗"", 0.028309883549809456], [""怨"", 0.02422396093606949], [""妆"", 0.02276805229485035], [""翠"", 0.01986376941204071], [""秋"", 0.017412835732102394]]",寒、夜、苔、碧、瘦
953,题延平刘郎中廷信所藏红梅,红梅,明,十一月,"莫种西湖浅水滨， 水清花艳各伤神。
春光不与花相妒， 花到开","[[""湖"", 0.0595303550362587], [""西"", 0.04574783518910408], [""花"", 0.03966817259788513], [""妒"", 0.03631603345274925], [""春"", 0.03274321183562279], [""光"", 0.030546637251973152], [""莫"", 0.028013907372951508], [""滨"", 0.0271147508174181], [""与"", 0.025283776223659515], [""清"", 0.024945516139268875]]",湖、西、花、妒、春
952,红梅四首(其二),红梅,元,十一月,"玉妃步月影毿毿， 宴罢瑶池酒正酣。
半夜不知香露冷， 春风吹","[[""枝"", 0.009367491118609905], [""山"", 0.00867512822151184], [""江"", 0.008402638137340546], [""香"", 0.006954171694815159], [""花"", 0.006431112997233868], [""苗"", 0.006324583664536476], [""梅"", 0.005951894447207451], [""芬"", 0.005731875542551279], [""葩"", 0.005702703259885311], [""池"", 0.005247205495834351]]",枝、山、江、香、花
974,水 仙,水仙花,明,十二月,"罗带无风翠自流， 晚寒微单玉搔头。
九疑不见苍梧远， 怜取湘","[[""翠"", 0.104227714240551], [""梧"", 0.09675862640142441], [""寒"", 0.06313987821340561], [""愁"", 0.06252749264240265], [""搔"", 0.05326193943619728], [""苍"", 0.04758734256029129], [""江"", 0.04192912206053734], [""玉"", 0.03599172830581665], [""带"", 0.03224407136440277], [""风"", 0.03190808370709419]]",翠、梧、寒、愁、搔
999,西江月,瑞香,宋,十二月,公子眼花乱发，老夫鼻观先通。领巾飘下瑞香风，惊起谪仙春梦。 ,"[[""梦"", 0.060206033289432526], [""愁"", 0.05393807217478752], [""土"", 0.0386384055018425], [""眼"", 0.03614712506532669], [""祠"", 0.033758606761693954], [""飘"", 0.031958144158124924], [""莱"", 0.02902955934405327], [""花"", 0.02719939313828945], [""风"", 0.025988595560193062], [""玉"", 0.023449217900633812]]",梦、愁、土、眼、祠
997,咏瑞香,瑞香,宋,十二月,"玲珑巧蹙紫罗裳， 令得东君著意妆。
带露欲开宜暖日， 临风微","[[""罗"", 0.05628020316362381], [""珑"", 0.045856375247240067], [""玲"", 0.04507002234458923], [""风"", 0.041932474821805954], [""霜"", 0.039665307849645615], [""梦"", 0.039090391248464584], [""露"", 0.03863781690597534], [""窗"", 0.0357704684138298], [""熏"", 0.03429897502064705], [""采"", 0.026798613369464874]]",罗、珑、玲、风、霜
996,瑞香花新开(五首之一),瑞香,宋,十二月,"外著明霞绮， 中裁淡玉纱。
森森千万笥， 旋旋两三花。
小霁","[[""霞"", 0.035050369799137115], [""花"", 0.0329778715968132], [""风"", 0.027487153187394142], [""幕"", 0.025797003880143166], [""香"", 0.025067966431379318], [""麝"", 0.024856053292751312], [""纱"", 0.022622516378760338], [""兰"", 0.021965395659208298], [""三"", 0.021959058940410614], [""著"", 0.02189418114721775]]",霞、花、风、幕、香
995,瑞香花,瑞香,宋,十二月,"万粒丛芳破雪残， 曲房深院闭春寒。
紫紫青青云锦被， 百叠薰","[[""云"", 0.06281649321317673], [""雪"", 0.04220300912857056], [""房"", 0.03938138484954834], [""花"", 0.031946294009685516], [""锦"", 0.03109583631157875], [""粒"", 0.02664683759212494], [""兰"", 0.024372952058911324], [""丛"", 0.024351665750145912], [""梅"", 0.02224418893456459], [""枯"", 0.022064531221985817]]",云、雪、房、花、锦
961,王充道送水仙花五十枝,水仙花,宋,十二月,"凌波仙子生尘袜， 水上盈盈步微月。
是谁招此断肠魂， 种作寒","[[""城"", 0.08617159724235535], [""愁"", 0.06498289853334427], [""山"", 0.042017754167318344], [""花"", 0.038873136043548584], [""笑"", 0.038535792380571365], [""肠"", 0.029893692582845688], [""波"", 0.026999684050679207], [""袜"", 0.024701900780200958], [""门"", 0.020692098885774612], [""弟"", 0.020332934334874153]]",城、愁、山、花、笑
962,水仙花,水仙花,宋,十二月,"岁华摇落物萧然， 一种清风绝可怜。
不许淤泥侵皓素； 全凭风","[[""露"", 0.07094946503639221], [""涪"", 0.04317088797688484], [""湘"", 0.039904411882162094], [""婵"", 0.0299487616866827], [""淤"", 0.02903207205235958], [""物"", 0.02800028584897518], [""玉"", 0.02736666612327099], [""粉"", 0.02650291472673416], [""皓"", 0.026449134573340416], [""泥"", 0.025203589349985123]]",露、涪、湘、婵、淤
987,戏咏蜡梅二首,蜡梅,宋,十二月,"其一
金蓓锁春寒, 恼人香未展。
虽无桃李颜， 风味极不浅。","[[""山"", 0.04231613501906395], [""露"", 0.03662782907485962], [""香"", 0.027982667088508606], [""蔷"", 0.0266084223985672], [""薇"", 0.025778992101550102], [""寒"", 0.023784436285495758], [""暗"", 0.02282821200788021], [""麝"", 0.022398697212338448], [""风"", 0.0214308463037014], [""一"", 0.021314868703484535]]",山、露、香、蔷、薇
985,蜡梅一首贈赵景貺,蜡梅,宋,十二月,"天工点酥作梅花， 此有蜡梅禅老家。
蜜蜂采花作黄蜡， 取蜡为","[[""钵"", 0.03706248849630356], [""梦"", 0.03285964950919151], [""山"", 0.0296749509871006], [""夜"", 0.027643222361803055], [""松"", 0.0248265340924263], [""蜡"", 0.02109529636800289], [""酥"", 0.020917575806379318], [""叶"", 0.01956690289080143], [""玉"", 0.018358323723077774], [""蜂"", 0.01830800250172615]]",钵、梦、山、夜、松
986,荀秀才送蜡梅十枝奇甚为赋此诗,蜡梅,宋,十二月,"与梅同谱又同时， 我为评香似更奇。
痛饮便判千日醉， 清狂顿","[[""枝"", 0.05259685218334198], [""蜂"", 0.048318397253751755], [""蜜"", 0.04100724682211876], [""影"", 0.03854258358478546], [""脾"", 0.0332002192735672], [""割"", 0.031411491334438324], [""壶"", 0.029833465814590454], [""梅"", 0.0288600642234087], [""插"", 0.026760336011648178], [""香"", 0.024864137172698975]]",枝、蜂、蜜、影、脾
984,贺新郎,水仙花,宋,十二月,云卧衣裳冷。看萧然、风前月下，水边幽影。罗袜生尘凌波去，汤沐,"[[""冷"", 0.014376230537891388], [""雨"", 0.01419252809137106], [""酒"", 0.013380348682403564], [""水"", 0.013118820264935493], [""烟"", 0.012898282147943974], [""一"", 0.012003425508737564], [""波"", 0.011784718371927738], [""题"", 0.01095343753695488], [""解"", 0.010347043164074421], [""我"", 0.010151424445211887]]",冷、雨、酒、水、烟
983,庆宫春,水仙花,宋,十二月,明玉擎金，纤罗飘带，为君起舞回雪。柔影参差，幽芳零乱；翠围腰,"[[""叶"", 0.015450214967131615], [""花"", 0.008218846283853054], [""飘"", 0.007902173325419426], [""香"", 0.007481491193175316], [""夜"", 0.007203999906778336], [""沙"", 0.006648159120231867], [""愁"", 0.006613414268940687], [""魄"", 0.006557032000273466], [""翠"", 0.006500439718365669], [""冰"", 0.00649967510253191]]",叶、花、飘、香、夜
982,金人捧露盘,水仙花,宋,十二月,梦湘云，吟湘月，吊湘灵。有谁见、罗袜尘生。凌波步弱，背人羞整,"[[""香"", 0.02646329253911972], [""叶"", 0.017937544733285904], [""蕙"", 0.01638883166015148], [""吟"", 0.013799082487821579], [""寒"", 0.011476520448923111], [""馥"", 0.010962176136672497], [""惊"", 0.010732333175837994], [""花"", 0.009762220084667206], [""黄"", 0.009554777294397354], [""灵"", 0.008333463221788406]]",香、叶、蕙、吟、寒
979,菩萨蛮,水仙花,宋,十二月,高梧叶下秋光晚，珍丛花出黄金盏。还似去年时，傍栏三两枝。 人,"[[""梧"", 0.04702518507838249], [""蜜"", 0.03700292482972145], [""飞"", 0.036679115146398544], [""珍"", 0.036154840141534805], [""花"", 0.03546545282006264], [""叶"", 0.03451286256313324], [""蜂"", 0.032918911427259445], [""丛"", 0.022191917523741722], [""枝"", 0.022059885784983635], [""栏"", 0.02160782739520073]]",梧、蜜、飞、珍、花
975,水仙花,水仙,清,十二月,澧兰沅芷若为邻， 澹荡疑生罗袜尘。昨夜月明川上立， 不知解佩,"[[""佩"", 0.036570992320775986], [""兰"", 0.014573550783097744], [""水"", 0.014066879637539387], [""浪"", 0.012798150070011616], [""芷"", 0.012703140266239643], [""写"", 0.011839515529572964], [""夜"", 0.011811311356723309], [""照"", 0.011420262977480888], [""吟"", 0.011410794220864773], [""黄"", 0.011224036104977131]]",佩、兰、水、浪、芷
966,水仙花,水仙花,宋,十二月,"早于桃李晚于梅， 冰雪肌肤姑射来。
明月寒霜中夜静， 素娥青","[[""李"", 0.06210556998848915], [""明"", 0.056979771703481674], [""桃"", 0.0486726351082325], [""霜"", 0.047967616468667984], [""肤"", 0.04568390175700188], [""夜"", 0.04444967210292816], [""徘"", 0.043190017342567444], [""青"", 0.04113621264696121], [""寒"", 0.0383162759244442], [""姑"", 0.03586705029010773]]",李、明、桃、霜、肤
